{"textures":{"0":"modelengine:entity/ender_dragon"},"elements":[{"from":[-11.49091,6.264422,-9.0],"to":[27.309092,17.064423,17.000002],"rotation":{"angle":22.5,"axis":"x","origin":[7.909091,11.664422,4.4000015]},"faces":{"east":{"uv":[5.4921875,1.40625,6.0,1.6171875],"rotation":0,"texture":"#0","tintindex":0},"south":{"uv":[4.75,1.8671875,5.5078125,2.078125],"rotation":0,"texture":"#0","tintindex":0},"north":{"uv":[4.6640625,1.0078125,5.421875,1.21875],"rotation":0,"texture":"#0","tintindex":0},"west":{"uv":[5.5,4.3828125,6.0078125,4.59375],"rotation":0,"texture":"#0","tintindex":0},"up":{"uv":[1.2890625,2.9453125,0.53125,2.4375],"rotation":0,"texture":"#0","tintindex":0},"down":{"uv":[2.046875,2.7578125,1.2890625,3.265625],"rotation":0,"texture":"#0","tintindex":0}}},{"from":[-2.090909,11.364422,-0.69999886],"to":[17.909092,22.164421,26.1],"rotation":{"angle":22.5,"axis":"x","origin":[9.309091,11.664422,4.4000015]},"faces":{"east":{"uv":[5.421875,0.8359375,5.9453125,1.046875],"rotation":0,"texture":"#0","tintindex":0},"south":{"uv":[4.46875,6.1953125,4.859375,6.40625],"rotation":0,"texture":"#0","tintindex":0},"north":{"uv":[6.171875,4.53125,6.5625,4.7421875],"rotation":0,"texture":"#0","tintindex":0},"west":{"uv":[5.421875,2.078125,5.9453125,2.2890625],"rotation":0,"texture":"#0","tintindex":0},"up":{"uv":[1.0078125,4.71875,0.6171875,4.1953125],"rotation":0,"texture":"#0","tintindex":0},"down":{"uv":[3.03125,4.296875,2.640625,4.8203125],"rotation":0,"texture":"#0","tintindex":0}}},{"from":[0.3090911,-3.7355785,10.900002],"to":[15.509091,7.0644217,25.7],"rotation":{"angle":0.0,"axis":"y","origin":[9.309091,11.664422,4.4000015]},"faces":{"east":{"uv":[6.625,6.015625,6.9140625,6.2265625],"rotation":0,"texture":"#0","tintindex":0},"south":{"uv":[6.609375,0.53125,6.90625,0.7421875],"rotation":0,"texture":"#0","tintindex":0},"north":{"uv":[6.4609375,1.9609375,6.7578125,2.171875],"rotation":0,"texture":"#0","tintindex":0},"west":{"uv":[6.625,6.2265625,6.9140625,6.4375],"rotation":0,"texture":"#0","tintindex":0},"up":{"uv":[6.3828125,4.0703125,6.0859375,3.78125],"rotation":0,"texture":"#0","tintindex":0},"down":{"uv":[0.6875,6.109375,0.390625,6.3984375],"rotation":0,"texture":"#0","tintindex":0}}},{"from":[-6.6909094,-0.5355787,-8.199999],"to":[22.50909,10.264421,17.000002],"rotation":{"angle":0.0,"axis":"y","origin":[8.709091,11.664422,4.4000015]},"faces":{"east":{"uv":[5.75,1.6171875,6.2421875,1.828125],"rotation":0,"texture":"#0","tintindex":0},"south":{"uv":[5.28125,3.015625,5.8515625,3.2265625],"rotation":0,"texture":"#0","tintindex":0},"north":{"uv":[5.28125,2.8046875,5.8515625,3.015625],"rotation":0,"texture":"#0","tintindex":0},"west":{"uv":[5.765625,0.0,6.2578125,0.2109375],"rotation":0,"texture":"#0","tintindex":0},"up":{"uv":[4.3046875,2.3828125,3.734375,1.890625],"rotation":0,"texture":"#0","tintindex":0},"down":{"uv":[4.3203125,0.4375,3.75,0.9296875],"rotation":0,"texture":"#0","tintindex":0}}},{"from":[-3.4909086,-12.235579,-16.0],"to":[19.309092,7.364422,5.6000013],"rotation":{"angle":45.0,"axis":"x","origin":[7.109091,-5.5355787,4.4000015]},"faces":{"east":{"uv":[4.6171875,2.9375,5.0390625,3.3203125],"rotation":0,"texture":"#0","tintindex":0},"south":{"uv":[1.0078125,4.515625,1.453125,4.8984375],"rotation":0,"texture":"#0","tintindex":0},"north":{"uv":[4.3828125,1.234375,4.828125,1.6171875],"rotation":0,"texture":"#0","tintindex":0},"west":{"uv":[4.6640625,0.625,5.0859375,1.0078125],"rotation":0,"texture":"#0","tintindex":0},"up":{"uv":[3.9765625,4.71875,3.53125,4.296875],"rotation":0,"texture":"#0","tintindex":0},"down":{"uv":[4.75,1.890625,4.3046875,2.3125],"rotation":0,"texture":"#0","tintindex":0}}},{"from":[6.501091,24.33248,12.0750475],"to":[9.317091,28.796478,15.339047],"rotation":{"angle":0.0,"axis":"y","origin":[7.909091,29.588478,14.187048]},"faces":{"east":{"uv":[2.890625,8.03125,2.9375,8.078125],"rotation":0,"texture":"#0","tintindex":0},"south":{"uv":[5.6171875,8.015625,5.671875,8.0625],"rotation":0,"texture":"#0","tintindex":0},"north":{"uv":[8.015625,3.65625,8.0703125,3.703125],"rotation":0,"texture":"#0","tintindex":0},"west":{"uv":[2.9375,8.03125,2.984375,8.078125],"rotation":0,"texture":"#0","tintindex":0},"up":{"uv":[8.0703125,5.9453125,8.015625,5.8984375],"rotation":0,"texture":"#0","tintindex":0},"down":{"uv":[6.1328125,8.015625,6.078125,8.0625],"rotation":0,"texture":"#0","tintindex":0}}},{"from":[6.6770906,18.520233,8.2517185],"to":[9.14109,25.352234,11.115718],"rotation":{"angle":45.0,"axis":"x","origin":[8.085091,23.592234,8.779718]},"faces":{"east":{"uv":[0.4140625,7.734375,0.4609375,7.84375],"rotation":0,"texture":"#0","tintindex":0},"south":{"uv":[7.8984375,7.9609375,7.9453125,8.0703125],"rotation":0,"texture":"#0","tintindex":0},"north":{"uv":[2.3671875,7.390625,2.4140625,7.5],"rotation":0,"texture":"#0","tintindex":0},"west":{"uv":[1.8203125,7.9765625,1.8671875,8.0859375],"rotation":0,"texture":"#0","tintindex":0},"up":{"uv":[8.078125,1.5,8.03125,1.453125],"rotation":0,"texture":"#0","tintindex":0},"down":{"uv":[8.078125,1.5,8.03125,1.546875],"rotation":0,"texture":"#0","tintindex":0}}},{"from":[5.445091,19.408422,10.904001],"to":[10.373091,25.440422,15.576002],"rotation":{"angle":22.5,"axis":"x","origin":[7.909091,24.736422,12.840001]},"faces":{"east":{"uv":[4.078125,7.8984375,4.15625,8.0078125],"rotation":0,"texture":"#0","tintindex":0},"south":{"uv":[3.6953125,7.859375,3.7890625,7.96875],"rotation":0,"texture":"#0","tintindex":0},"north":{"uv":[7.859375,3.6015625,7.953125,3.7109375],"rotation":0,"texture":"#0","tintindex":0},"west":{"uv":[4.15625,7.8984375,4.234375,8.0078125],"rotation":0,"texture":"#0","tintindex":0},"up":{"uv":[3.6015625,8.0,3.5078125,7.921875],"rotation":0,"texture":"#0","tintindex":0},"down":{"uv":[3.6953125,7.921875,3.6015625,8.0],"rotation":0,"texture":"#0","tintindex":0}}},{"from":[6.501091,17.132477,24.475048],"to":[9.317091,21.596478,27.739046],"rotation":{"angle":0.0,"axis":"y","origin":[7.909091,22.388477,26.587048]},"faces":{"east":{"uv":[2.890625,8.03125,2.9375,8.078125],"rotation":0,"texture":"#0","tintindex":0},"south":{"uv":[5.6171875,8.015625,5.671875,8.0625],"rotation":0,"texture":"#0","tintindex":0},"north":{"uv":[8.015625,3.65625,8.0703125,3.703125],"rotation":0,"texture":"#0","tintindex":0},"west":{"uv":[2.9375,8.03125,2.984375,8.078125],"rotation":0,"texture":"#0","tintindex":0},"up":{"uv":[8.0703125,5.9453125,8.015625,5.8984375],"rotation":0,"texture":"#0","tintindex":0},"down":{"uv":[6.1328125,8.015625,6.078125,8.0625],"rotation":0,"texture":"#0","tintindex":0}}},{"from":[6.6770906,11.320234,20.651718],"to":[9.14109,18.152233,23.51572],"rotation":{"angle":45.0,"axis":"x","origin":[8.085091,16.392235,21.179718]},"faces":{"east":{"uv":[0.4140625,7.734375,0.4609375,7.84375],"rotation":0,"texture":"#0","tintindex":0},"south":{"uv":[7.8984375,7.9609375,7.9453125,8.0703125],"rotation":0,"texture":"#0","tintindex":0},"north":{"uv":[2.3671875,7.390625,2.4140625,7.5],"rotation":0,"texture":"#0","tintindex":0},"west":{"uv":[1.8203125,7.9765625,1.8671875,8.0859375],"rotation":0,"texture":"#0","tintindex":0},"up":{"uv":[8.078125,1.5,8.03125,1.453125],"rotation":0,"texture":"#0","tintindex":0},"down":{"uv":[8.078125,1.5,8.03125,1.546875],"rotation":0,"texture":"#0","tintindex":0}}},{"from":[5.445091,12.208422,23.304],"to":[10.373091,18.240421,27.976002],"rotation":{"angle":22.5,"axis":"x","origin":[7.909091,17.536423,25.240002]},"faces":{"east":{"uv":[4.078125,7.8984375,4.15625,8.0078125],"rotation":0,"texture":"#0","tintindex":0},"south":{"uv":[3.6953125,7.859375,3.7890625,7.96875],"rotation":0,"texture":"#0","tintindex":0},"north":{"uv":[7.859375,3.6015625,7.953125,3.7109375],"rotation":0,"texture":"#0","tintindex":0},"west":{"uv":[4.15625,7.8984375,4.234375,8.0078125],"rotation":0,"texture":"#0","tintindex":0},"up":{"uv":[3.6015625,8.0,3.5078125,7.921875],"rotation":0,"texture":"#0","tintindex":0},"down":{"uv":[3.6953125,7.921875,3.6015625,8.0],"rotation":0,"texture":"#0",