{"textures":{"0":"modelengine:entity/ender_dragon"},"elements":[{"from":[-15.82851,6.7666664,7.5188603],"to":[22.971489,9.566667,10.31886],"rotation":{"angle":0.0,"axis":"y","origin":[20.971489,4.7666664,9.91886]},"faces":{"east":{"uv":[5.515625,8.0078125,5.5703125,8.0625],"rotation":0,"texture":"#0","tintindex":0},"south":{"uv":[6.8984375,3.40625,7.65625,3.4609375],"rotation":0,"texture":"#0","tintindex":0},"north":{"uv":[6.8984375,3.3515625,7.65625,3.40625],"rotation":0,"texture":"#0","tintindex":0},"west":{"uv":[8.0078125,5.796875,8.0625,5.8515625],"rotation":0,"texture":"#0","tintindex":0},"up":{"uv":[7.71875,0.40625,6.9609375,0.3515625],"rotation":0,"texture":"#0","tintindex":0},"down":{"uv":[7.71875,0.40625,6.9609375,0.4609375],"rotation":0,"texture":"#0","tintindex":0}}},{"from":[10.17149,7.1666665,5.9188604],"to":[22.971489,9.166667,7.5188603],"rotation":{"angle":0.0,"axis":"y","origin":[20.971489,4.7666664,9.91886]},"faces":{"east":{"uv":[2.5,7.6328125,2.53125,7.671875],"rotation":0,"texture":"#0","tintindex":0},"south":{"uv":[5.984375,3.3671875,6.234375,3.40625],"rotation":0,"texture":"#0","tintindex":0},"north":{"uv":[5.4921875,1.6171875,5.7421875,1.65625],"rotation":0,"texture":"#0","tintindex":0},"west":{"uv":[2.25,7.71875,2.28125,7.7578125],"rotation":0,"texture":"#0","tintindex":0},"up":{"uv":[6.4296875,1.9921875,6.1796875,1.9609375],"rotation":0,"texture":"#0","tintindex":0},"down":{"uv":[7.1484375,3.4609375,6.8984375,3.4921875],"rotation":0,"texture":"#0","tintindex":0}}},{"from":[-16.0,7.6666665,-2.1448536],"to":[25.2,7.6666665,24.655148],"rotation":{"angle":0.0,"axis":"y","origin":[4.6000004,7.6666665,11.255147]},"faces":{"east":{"uv":[0.0,0.0,0.5234375,0.0],"rotation":0,"texture":"#0","tintindex":0},"south":{"uv":[0.0,0.0,0.8046875,0.0],"rotation":0,"texture":"#0","tintindex":0},"north":{"uv":[0.0,0.0,0.8046875,0.0],"rotation":0,"texture":"#0","tintindex":0},"west":{"uv":[0.0,0.0,0.5234375,0.0],"rotation":0,"texture":"#0","tintindex":0},"up":{"uv":[0.8046875,1.8671875,0.0,1.34375],"rotation":0,"texture":"#0","tintindex":0},"down":{"uv":[0.8046875,1.34375,0.0,1.8671875],"rotation":0,"texture":"#0","tintindex":0}}}],"display":{"head":{"translation":[-72.74907,-6.4,0.0],"scale":[4.0,4.0,4.0]}}}