{"textures":{"0":"modelengine:entity/ender_dragon"},"elements":[{"from":[-16.0,7.1,0.79999685],"to":[20.8,9.1,2.7999973],"rotation":{"angle":22.5,"axis":"y","origin":[2.7999973,8.1,-5.6000023]},"faces":{"east":{"uv":[0.21875,7.46875,0.2578125,7.5078125],"rotation":0,"texture":"#0","tintindex":0},"south":{"uv":[7.1953125,5.8359375,7.9140625,5.875],"rotation":0,"texture":"#0","tintindex":0},"north":{"uv":[7.1953125,5.796875,7.9140625,5.8359375],"rotation":0,"texture":"#0","tintindex":0},"west":{"uv":[7.0859375,7.46875,7.125,7.5078125],"rotation":0,"texture":"#0","tintindex":0},"up":{"uv":[7.9453125,7.0390625,7.2265625,7.0],"rotation":0,"texture":"#0","tintindex":0},"down":{"uv":[7.9453125,7.0390625,7.2265625,7.078125],"rotation":0,"texture":"#0","tintindex":0}}},{"from":[-16.0,7.9,2.7999973],"to":[20.8,7.9,32.0],"rotation":{"angle":22.5,"axis":"y","origin":[2.7999973,8.1,-5.6000023]},"faces":{"east":{"uv":[0.0,0.0,0.5703125,0.0],"rotation":0,"texture":"#0","tintindex":0},"south":{"uv":[0.0,0.0,0.71875,0.0],"rotation":0,"texture":"#0","tintindex":0},"north":{"uv":[0.0,0.0,0.71875,0.0],"rotation":0,"texture":"#0","tintindex":0},"west":{"uv":[0.0,0.0,0.5703125,0.0],"rotation":0,"texture":"#0","tintindex":0},"up":{"uv":[2.328125,2.171875,1.609375,1.6015625],"rotation":0,"texture":"#0","tintindex":0},"down":{"uv":[2.328125,1.6015625,1.609375,2.171875],"rotation":0,"texture":"#0","tintindex":0}}}],"display":{"head":{"translation":[-61.78894,-6.4,56.81584],"scale":[4.0,4.0,4.0]}}}