{"textures":{"0":"modelengine:entity/ender_dragon"},"elements":[{"from":[-16.0,7.1,4.0000005],"to":[20.000002,9.1,6.0000005],"rotation":{"angle":0.0,"axis":"y","origin":[70.8,7.5,34.0]},"faces":{"east":{"uv":[1.5625,7.484375,1.6015625,7.5234375],"rotation":0,"texture":"#0","tintindex":0},"south":{"uv":[7.34375,6.3671875,8.046875,6.40625],"rotation":0,"texture":"#0","tintindex":0},"north":{"uv":[7.3359375,5.7265625,8.0390625,5.765625],"rotation":0,"texture":"#0","tintindex":0},"west":{"uv":[1.5625,7.5234375,1.6015625,7.5625],"rotation":0,"texture":"#0","tintindex":0},"up":{"uv":[8.046875,6.4453125,7.34375,6.40625],"rotation":0,"texture":"#0","tintindex":0},"down":{"uv":[8.046875,6.4453125,7.34375,6.484375],"rotation":0,"texture":"#0","tintindex":0}}},{"from":[-16.0,7.6,6.0000005],"to":[20.000002,7.6,32.0],"rotation":{"angle":0.0,"axis":"y","origin":[70.8,7.2,34.0]},"faces":{"east":{"uv":[0.0,0.0,0.5078125,0.0],"rotation":0,"texture":"#0","tintindex":0},"south":{"uv":[0.0,0.0,0.703125,0.0],"rotation":0,"texture":"#0","tintindex":0},"north":{"uv":[0.0,0.0,0.703125,0.0],"rotation":0,"texture":"#0","tintindex":0},"west":{"uv":[0.0,0.0,0.5078125,0.0],"rotation":0,"texture":"#0","tintindex":0},"up":{"uv":[3.609375,3.46875,2.90625,2.9609375],"rotation":0,"texture":"#0","tintindex":0},"down":{"uv":[3.609375,2.9609375,2.90625,3.46875],"rotation":0,"texture":"#0","tintindex":0}}}],"display":{"head":{"translation":[-49.29448,-6.4,14.407913],"scale":[4.0,4.0,4.0]}}}