{"textures":{"0":"modelengine:entity/ender_dragon"},"elements":[{"from":[3.5,1.25,4.162614],"to":[7.46,14.030001,8.572614],"rotation":{"angle":45.0,"axis":"x","origin":[5.4799995,9.71,6.2326136]},"faces":{"east":{"uv":[1.859375,7.453125,1.9453125,7.703125],"rotation":0,"texture":"#0","tintindex":0},"south":{"uv":[2.828125,7.453125,2.90625,7.703125],"rotation":0,"texture":"#0","tintindex":0},"north":{"uv":[5.9609375,7.4375,6.0390625,7.6875],"rotation":0,"texture":"#0","tintindex":0},"west":{"uv":[2.1953125,7.46875,2.28125,7.71875],"rotation":0,"texture":"#0","tintindex":0},"up":{"uv":[8.03125,5.2109375,7.953125,5.125],"rotation":0,"texture":"#0","tintindex":0},"down":{"uv":[8.03125,6.2578125,7.953125,6.34375],"rotation":0,"texture":"#0","tintindex":0}}},{"from":[0.25999975,4.2200003,4.702614],"to":[11.06,9.98,14.062614],"rotation":{"angle":0.0,"axis":"y","origin":[5.4799995,9.71,6.2326136]},"faces":{"east":{"uv":[7.5546875,1.125,7.734375,1.234375],"rotation":0,"texture":"#0","tintindex":0},"south":{"uv":[7.4453125,1.875,7.65625,1.984375],"rotation":0,"texture":"#0","tintindex":0},"north":{"uv":[7.4375,6.59375,7.6484375,6.703125],"rotation":0,"texture":"#0","tintindex":0},"west":{"uv":[7.5625,7.078125,7.7421875,7.1875],"rotation":0,"texture":"#0","tintindex":0},"up":{"uv":[2.890625,7.328125,2.6796875,7.1484375],"rotation":0,"texture":"#0","tintindex":0},"down":{"uv":[7.359375,6.0078125,7.1484375,6.1875],"rotation":0,"texture":"#0","tintindex":0}}},{"from":[5.12,1.6099997,10.552614],"to":[9.89,6.11,17.392614],"rotation":{"angle":22.5,"axis":"y","origin":[7.505,3.8599997,15.682614]},"faces":{"east":{"uv":[5.0546875,1.578125,5.1875,1.6640625],"rotation":0,"texture":"#0","tintindex":0},"south":{"uv":[7.8984375,7.3515625,7.9921875,7.4375],"rotation":0,"texture":"#0","tintindex":0},"north":{"uv":[7.1015625,7.8984375,7.1953125,7.984375],"rotation":0,"texture":"#0","tintindex":0},"west":{"uv":[5.0859375,5.3125,5.21875,5.3984375],"rotation":0,"texture":"#0","tintindex":0},"up":{"uv":[0.09375,7.9140625,0.0,7.78125],"rotation":0,"texture":"#0","tintindex":0},"down":{"uv":[4.5859375,7.78125,4.4921875,7.9140625],"rotation":0,"texture":"#0","tintindex":0}}},{"from":[5.12,1.6099997,14.962614],"to":[9.89,6.11,21.802616],"rotation":{"angle":22.5,"axis":"x","origin":[7.505,3.8599997,15.682614]},"faces":{"east":{"uv":[7.03125,4.8828125,7.1640625,4.96875],"rotation":0,"texture":"#0","tintindex":0},"south":{"uv":[1.6640625,7.90625,1.7578125,7.9921875],"rotation":0,"texture":"#0","tintindex":0},"north":{"uv":[7.90625,0.0,8.0,0.0859375],"rotation":0,"texture":"#0","tintindex":0},"west":{"uv":[7.8125,0.296875,7.9453125,0.3828125],"rotation":0,"texture":"#0","tintindex":0},"up":{"uv":[3.53125,7.921875,3.4375,7.7890625],"rotation":0,"texture":"#0","tintindex":0},"down":{"uv":[7.8828125,7.1640625,7.7890625,7.296875],"rotation":0,"texture":"#0","tintindex":0}}},{"from":[6.65,4.9399996,20.722614],"to":[8.9,6.92,23.242615],"rotation":{"angle":45.0,"axis":"x","origin":[7.505,3.8599997,15.682614]},"faces":{"east":{"uv":[7.7734375,0.640625,7.8203125,0.6796875],"rotation":0,"texture":"#0","tintindex":0},"south":{"uv":[7.796875,1.203125,7.84375,1.2421875],"rotation":0,"texture":"#0","tintindex":0},"north":{"uv":[5.9140625,7.65625,5.9609375,7.6953125],"rotation":0,"texture":"#0","tintindex":0},"west":{"uv":[7.8125,4.6875,7.859375,4.7265625],"rotation":0,"texture":"#0","tintindex":0},"up":{"uv":[8.078125,6.3046875,8.03125,6.2578125],"rotation":0,"texture":"#0","tintindex":0},"down":{"uv":[8.078125,6.3046875,8.03125,6.3515625],"rotation":0,"texture":"#0","tintindex":0}}},{"from":[3.1399999,2.15,-8.671387],"to":[7.82,6.83,-0.24738598],"rotation":{"angle":22.5,"axis":"x","origin":[5.4799995,2.15,-4.297386]},"faces":{"east":{"uv":[5.28125,3.2265625,5.4453125,3.3203125],"rotation":0,"texture":"#0","tintindex":0},"south":{"uv":[7.359375,5.15625,7.453125,5.25],"rotation":0,"texture":"#0","tintindex":0},"north":{"uv":[4.515625,7.140625,4.609375,7.234375],"rotation":0,"texture":"#0","tintindex":0},"west":{"uv":[5.6015625,6.578125,5.765625,6.671875],"rotation":0,"texture":"#0","tintindex":0},"up":{"uv":[7.7890625,6.2734375,7.6953125,6.109375],"rotation":0,"texture":"#0","tintindex":0},"down":{"uv":[7.7890625,7.1875,7.6953125,7.3515625],"rotation":0,"texture":"#0","tintindex":0}}},{"from":[3.5,2.7799997,-12.721386],"to":[7.46,7.46,-4.297386],"rotation":{"angle":-22.5,"axis":"x","origin":[5.4799995,2.15,-4.297386]},"faces":{"east":{"uv":[7.6953125,6.2734375,7.859375,6.3671875],"rotation":0,"texture":"#0","tintindex":0},"south":{"uv":[6.6328125,7.921875,6.7109375,8.015625],"rotation":0,"texture":"#0","tintindex":0},"north":{"uv":[6.0859375,7.921875,6.1640625,8.015625],"rotation":0,"texture":"#0","tintindex":0},"west":{"uv":[7.7109375,1.359375,7.875,1.453125],"rotation":0,"texture":"#0","tintindex":0},"up":{"uv":[6.640625,7.90625,6.5625,7.7421875],"rotation":0,"texture":"#0","tintindex":0},"down":{"uv":[3.6171875,7.7578125,3.5390625,7.921875],"rotation":0,"texture":"#0","tintindex":0}}},{"from":[4.2200003,-0.7984953,-16.0],"to":[6.74,1.3615041,-12.615999],"rotation":{"angle":-45.0,"axis":"x","origin":[5.4799995,0.91150427,-14.577999]},"faces":{"east":{"uv":[6.9296875,5.8125,6.9921875,5.8515625],"rotation":0,"texture":"#0","tintindex":0},"south":{"uv":[7.8203125,0.640625,7.8671875,0.6796875],"rotation":0,"texture":"#0","tintindex":0},"north":{"uv":[7.8125,5.3515625,7.859375,5.390625],"rotation":0,"texture":"#0","tintindex":0},"west":{"uv":[7.0703125,0.9375,7.1328125,0.9765625],"rotation":0,"texture":"#0","tintindex":0},"up":{"uv":[5.78125,8.0625,5.734375,8.0],"rotation":0,"texture":"#0","tintindex":0},"down":{"uv":[7.421875,8.0,7.375,8.0625],"rotation":0,"texture":"#0","tintindex":0}}},{"from":[-4.6900005,2.87,-2.641386],"to":[-0.010000229,6.92,5.7826138],"rotation":{"angle":22.5,"axis":"y","origin":[-1.2699995,2.15,0.7426138]},"faces":{"east":{"uv":[7.6953125,3.15625,7.859375,3.234375],"rotation":0,"texture":"#0","tintindex":0},"south":{"uv":[0.9375,7.9296875,1.03125,8.0078125],"rotation":0,"texture":"#0","tintindex":0},"north":{"uv":[0.6640625,7.9296875,0.7578125,8.0078125],"rotation":0,"texture":"#0","tintindex":0},"west":{"uv":[7.75,4.609375,7.9140625,4.6875],"rotation":0,"texture":"#0","tintindex":0},"up":{"uv":[1.9453125,7.8671875,1.8515625,7.703125],"rotation":0,"texture":"#0","tintindex":0},"down":{"uv":[2.8984375,7.703125,2.8046875,7.8671875],"rotation":0,"texture":"#0","tintindex":0}}},{"from":[-3.0699997,1.4300003,-7.681387],"to":[0.88999987,5.39,0.7426138],"rotation":{"angle":22.5,"axis":"y","origin":[-1.2699995,2.15,0.7426138]},"faces":{"east":{"uv":[5.75,7.7578125,5.9140625,7.8359375],"rotation":0,"texture":"#0","tintindex":0},"south":{"uv":[7.8203125,7.9609375,7.8984375,8.0390625],"rotation":0,"texture":"#0","tintindex":0},"north":{"uv":[3.5703125,7.375,3.6484375,7.453125],"rotation":0,"texture":"#0","tintindex":0},"west":{"uv":[7.7578125,5.8984375,7.921875,5.9765625],"rotation":0,"texture":"#0","tintindex":0},"up":{"uv":[3.6953125,7.921875,3.6171875,7.7578125],"rotation":0,"texture":"#0","tintindex":0},"down":{"uv":[6.171875,7.7578125,6.09375,7.921875],"rotation":0,"texture":"#0","tintindex":0}}},{"from":[-6.13,-0.70849514,-8.619999],"to":[-3.6099997,1.4515042,-5.235999],"rotation":{"angle":-45.0,"axis":"x","origin":[-1.2699995,0.91150427,-9.538]},"faces":{"east":{"uv":[7.1484375,3.4609375,7.2109375,3.5],"rotation":0,"texture":"#0","tintindex":0},"south":{"uv":[7.8515625,5.2265625,7.8984375,5.265625],"rotation":0,"texture":"#0","tintindex":0},"north":{"uv":[0.4140625,7.84375,0.4609375,7.8828125],"rotation":0,"texture":"#0","tintindex":0},"west":{"uv":[5.03125,7.2890625,5.09375,7.328125],"rotation":0,"texture":"#0","tintindex":0},"up":{"uv":[3.2109375,8.0703125,3.1640625,8.0078125],"rotation":0,"texture":"#0","tintindex":0},"down":{"uv":[1.2578125,8.015625,1.2109375,8.078125],"rotation":0,"texture":"#0","tintindex":0}}},{"from":[15.74,-5.2984953,-12.4],"to":[18.26,-3.1384954,-9.016001],