{"textures":{"0":"modelengine:entity/ender_dragon"},"elements":[{"from":[-5.1000004,13.200001,1.5],"to":[10.5,26.800001,14.3],"rotation":{"angle":-22.5,"axis":"x","origin":[22.8,4.3999996,37.2]},"faces":{"east":{"uv":[6.4765625,4.03125,6.7265625,4.296875],"rotation":0,"texture":"#0","tintindex":0},"south":{"uv":[6.1953125,5.859375,6.5,6.125],"rotation":0,"texture":"#0","tintindex":0},"north":{"uv":[6.1953125,5.59375,6.5,5.859375],"rotation":0,"texture":"#0","tintindex":0},"west":{"uv":[6.4921875,1.0390625,6.7421875,1.3046875],"rotation":0,"texture":"#0","tintindex":0},"up":{"uv":[6.6875,4.03125,6.3828125,3.78125],"rotation":0,"texture":"#0","tintindex":0},"down":{"uv":[6.71875,2.1875,6.4140625,2.4375],"rotation":0,"texture":"#0","tintindex":0}}},{"from":[-3.1000004,-0.8000002,9.1],"to":[6.9,24.800001,19.900002],"rotation":{"angle":-22.5,"axis":"x","origin":[22.8,4.3999996,37.2]},"faces":{"east":{"uv":[1.1953125,5.5703125,1.40625,6.0703125],"rotation":0,"texture":"#0","tintindex":0},"south":{"uv":[4.078125,5.765625,4.2734375,6.265625],"rotation":0,"texture":"#0","tintindex":0},"north":{"uv":[3.6640625,5.734375,3.859375,6.234375],"rotation":0,"texture":"#0","tintindex":0},"west":{"uv":[5.625,5.40625,5.8359375,5.90625],"rotation":0,"texture":"#0","tintindex":0},"up":{"uv":[7.296875,5.4609375,7.1015625,5.25],"rotation":0,"texture":"#0","tintindex":0},"down":{"uv":[7.3125,4.171875,7.1171875,4.3828125],"rotation":0,"texture":"#0","tintindex":0}}},{"from":[-1.1000004,-15.200001,2.6999998],"to":[8.1,16.8,16.3],"rotation":{"angle":-22.5,"axis":"x","origin":[22.8,4.3999996,37.2]},"faces":{"east":{"uv":[4.6171875,2.3125,4.8828125,2.9375],"rotation":0,"texture":"#0","tintindex":0},"south":{"uv":[2.375,5.375,2.5546875,6.0],"rotation":0,"texture":"#0","tintindex":0},"north":{"uv":[3.8984375,5.3515625,4.078125,5.9765625],"rotation":0,"texture":"#0","tintindex":0},"west":{"uv":[4.6484375,4.5703125,4.9140625,5.1953125],"rotation":0,"texture":"#0","tintindex":0},"up":{"uv":[4.15625,4.5625,3.9765625,4.296875],"rotation":0,"texture":"#0","tintindex":0},"down":{"uv":[2.1328125,6.8828125,1.953125,7.1484375],"rotation":0,"texture":"#0","tintindex":0}}}],"display":{"head":{"translation":[0.0,-6.4,0.0],"scale":[4.0,4.0,4.0]}}}