{"textures":{"0":"modelengine:entity/ender_dragon"},"elements":[{"from":[-5.1000004,2.70022,-3.839532],"to":[10.5,23.90022,12.160469],"rotation":{"angle":22.5,"axis":"z","origin":[2.6999998,16.70022,3.3604684]},"faces":{"east":{"uv":[6.4765625,4.03125,6.7265625,4.296875],"rotation":0,"texture":"#0","tintindex":0},"south":{"uv":[6.1953125,5.859375,6.5,6.125],"rotation":0,"texture":"#0","tintindex":0},"north":{"uv":[6.1953125,5.59375,6.5,5.859375],"rotation":0,"texture":"#0","tintindex":0},"west":{"uv":[6.4921875,1.0390625,6.7421875,1.3046875],"rotation":0,"texture":"#0","tintindex":0},"up":{"uv":[6.6875,4.03125,6.3828125,3.78125],"rotation":0,"texture":"#0","tintindex":0},"down":{"uv":[6.71875,2.1875,6.4140625,2.4375],"rotation":0,"texture":"#0","tintindex":0}}},{"from":[-3.1000004,-13.099676,3.6],"to":[6.9,12.500324,14.4],"rotation":{"angle":22.5,"axis":"x","origin":[22.8,-7.8996754,31.7]},"faces":{"east":{"uv":[1.1953125,5.5703125,1.40625,6.0703125],"rotation":0,"texture":"#0","tintindex":0},"south":{"uv":[4.078125,5.765625,4.2734375,6.265625],"rotation":0,"texture":"#0","tintindex":0},"north":{"uv":[3.6640625,5.734375,3.859375,6.234375],"rotation":0,"texture":"#0","tintindex":0},"west":{"uv":[5.625,5.40625,5.8359375,5.90625],"rotation":0,"texture":"#0","tintindex":0},"up":{"uv":[7.296875,5.4609375,7.1015625,5.25],"rotation":0,"texture":"#0","tintindex":0},"down":{"uv":[7.3125,4.171875,7.1171875,4.3828125],"rotation":0,"texture":"#0","tintindex":0}}},{"from":[-1.1000004,-16.0,-1.5996227],"to":[8.1,15.400002,12.600378],"rotation":{"angle":0.0,"axis":"y","origin":[3.5,-0.5999985,11.600378]},"faces":{"east":{"uv":[4.6171875,2.3125,4.8984375,2.9296875],"rotation":0,"texture":"#0","tintindex":0},"south":{"uv":[2.375,5.359375,2.5546875,5.9765625],"rotation":0,"texture":"#0","tintindex":0},"north":{"uv":[3.8984375,5.3515625,4.078125,5.96875],"rotation":0,"texture":"#0","tintindex":0},"west":{"uv":[4.65625,4.5734377,4.9375,5.190625],"rotation":0,"texture":"#0","tintindex":0},"up":{"uv":[3.359375,7.109375,3.1796875,6.828125],"rotation":0,"texture":"#0","tintindex":0},"down":{"uv":[4.953125,6.8359375,4.7734375,7.1171875],"rotation":0,"texture":"#0","tintindex":0}}}],"display":{"head":{"translation":[0.0,-44.4013,0.0],"scale":[4.0,4.0,4.0]}}}