{"textures":{"0":"modelengine:entity/ender_dragon"},"elements":[{"from":[-4.7999983,7.1,0.79999685],"to":[32.0,9.1,2.7999973],"rotation":{"angle":-22.5,"axis":"y","origin":[13.200003,8.1,-5.6000023]},"faces":{"east":{"uv":[3.296875,7.6171875,3.2578125,7.65625],"rotation":0,"texture":"#0","tintindex":0},"south":{"uv":[8.046875,1.28125,7.328125,1.3203125],"rotation":0,"texture":"#0","tintindex":0},"north":{"uv":[8.046875,1.2421875,7.328125,1.28125],"rotation":0,"texture":"#0","tintindex":0},"west":{"uv":[6.2578125,7.609375,6.21875,7.6484375],"rotation":0,"texture":"#0","tintindex":0},"up":{"uv":[7.328125,1.359375,8.046875,1.3203125],"rotation":0,"texture":"#0","tintindex":0},"down":{"uv":[7.3359375,0.6796875,8.0546875,0.71875],"rotation":0,"texture":"#0","tintindex":0}}},{"from":[-4.7999983,8.1,2.7999973],"to":[32.0,8.1,32.0],"rotation":{"angle":-22.5,"axis":"y","origin":[13.200003,8.3,-5.6000023]},"faces":{"east":{"uv":[0.5703125,0.0,0.0,0.0],"rotation":0,"texture":"#0","tintindex":0},"south":{"uv":[0.71875,0.0,0.0,0.0],"rotation":0,"texture":"#0","tintindex":0},"north":{"uv":[0.71875,0.0,0.0,0.0],"rotation":0,"texture":"#0","tintindex":0},"west":{"uv":[0.5703125,0.0,0.0,0.0],"rotation":0,"texture":"#0","tintindex":0},"up":{"uv":[0.0,2.4375,0.71875,1.8671875],"rotation":0,"texture":"#0","tintindex":0},"down":{"uv":[0.0,1.8671875,0.71875,2.4375],"rotation":0,"texture":"#0","tintindex":0}}}],"display":{"head":{"translation":[61.78894,-6.4,56.81584],"scale":[4.0,4.0,4.0]}}}