{"textures":{"0":"modelengine:entity/ender_dragon"},"elements":[{"from":[5.5,13.200001,1.5],"to":[21.1,26.800001,14.3],"rotation":{"angle":-22.5,"axis":"x","origin":[-6.8,4.3999996,37.2]},"faces":{"east":{"uv":[6.5,0.1328125,6.75,0.3984375],"rotation":0,"texture":"#0","tintindex":0},"south":{"uv":[2.75,6.28125,3.0546875,6.546875],"rotation":0,"texture":"#0","tintindex":0},"north":{"uv":[6.2421875,1.484375,6.546875,1.75],"rotation":0,"texture":"#0","tintindex":0},"west":{"uv":[6.5,3.1015625,6.75,3.3671875],"rotation":0,"texture":"#0","tintindex":0},"up":{"uv":[6.0703125,6.671875,5.765625,6.421875],"rotation":0,"texture":"#0","tintindex":0},"down":{"uv":[6.375,6.421875,6.0703125,6.671875],"rotation":0,"texture":"#0","tintindex":0}}},{"from":[9.1,-0.8000002,9.1],"to":[19.1,24.800001,19.900002],"rotation":{"angle":-22.5,"axis":"x","origin":[-6.8,4.3999996,37.2]},"faces":{"east":{"uv":[0.1796875,5.6328125,0.390625,6.1328125],"rotation":0,"texture":"#0","tintindex":0},"south":{"uv":[2.8515625,5.78125,3.046875,6.28125],"rotation":0,"texture":"#0","tintindex":0},"north":{"uv":[4.2734375,5.765625,4.46875,6.265625],"rotation":0,"texture":"#0","tintindex":0},"west":{"uv":[3.2890625,5.6328125,3.5,6.1328125],"rotation":0,"texture":"#0","tintindex":0},"up":{"uv":[4.953125,7.328125,4.7578125,7.1171875],"rotation":0,"texture":"#0","tintindex":0},"down":{"uv":[7.3203125,0.0,7.125,0.2109375],"rotation":0,"texture":"#0","tintindex":0}}},{"from":[7.9,-15.200001,2.6999998],"to":[17.1,16.8,16.3],"rotation":{"angle":-22.5,"axis":"x","origin":[-6.8,4.3999996,37.2]},"faces":{"east":{"uv":[4.6640625,0.0,4.9296875,0.625],"rotation":0,"texture":"#0","tintindex":0},"south":{"uv":[5.0859375,5.40625,5.265625,6.03125],"rotation":0,"texture":"#0","tintindex":0},"north":{"uv":[0.0,5.40625,0.1796875,6.03125],"rotation":0,"texture":"#0","tintindex":0},"west":{"uv":[1.953125,4.6796875,2.21875,5.3046875],"rotation":0,"texture":"#0","tintindex":0},"up":{"uv":[2.9296875,7.1484375,2.75,6.8828125],"rotation":0,"texture":"#0","tintindex":0},"down":{"uv":[0.671875,6.90625,0.4921875,7.171875],"rotation":0,"texture":"#0","tintindex":0}}}],"display":{"head":{"translation":[0.0,-6.4,0.0],"scale":[4.0,4.0,4.0]}}}