{"textures":{"0":"modelengine:entity/ender_dragon"},"elements":[{"from":[0.28571415,8.328571,8.432305],"to":[15.714286,16.557144,21.803734],"rotation":{"angle":0.0,"axis":"y","origin":[8.257143,16.171429,10.618019]},"faces":{"east":{"uv":[7.7421875,7.078125,7.5625,7.1875],"rotation":0,"texture":"#0","tintindex":0},"south":{"uv":[7.65625,1.875,7.4453125,1.984375],"rotation":0,"texture":"#0","tintindex":0},"north":{"uv":[7.6484375,6.59375,7.4375,6.703125],"rotation":0,"texture":"#0","tintindex":0},"west":{"uv":[7.734375,1.125,7.5546875,1.234375],"rotation":0,"texture":"#0","tintindex":0},"up":{"uv":[2.6796875,7.328125,2.890625,7.1484375],"rotation":0,"texture":"#0","tintindex":0},"down":{"uv":[7.1484375,6.0078125,7.359375,6.1875],"rotation":0,"texture":"#0","tintindex":0}}},{"from":[5.428571,4.0857143,7.6608763],"to":[11.085714,22.342857,13.960876],"rotation":{"angle":45.0,"axis":"x","origin":[8.257143,16.171429,10.618019]},"faces":{"east":{"uv":[2.28125,7.46875,2.1953125,7.71875],"rotation":0,"texture":"#0","tintindex":0},"south":{"uv":[2.90625,7.453125,2.828125,7.703125],"rotation":0,"texture":"#0","tintindex":0},"north":{"uv":[6.0390625,7.4375,5.9609375,7.6875],"rotation":0,"texture":"#0","tintindex":0},"west":{"uv":[1.9453125,7.453125,1.859375,7.703125],"rotation":0,"texture":"#0","tintindex":0},"up":{"uv":[7.953125,5.2109375,8.03125,5.125],"rotation":0,"texture":"#0","tintindex":0},"down":{"uv":[7.953125,6.2578125,8.03125,6.34375],"rotation":0,"texture":"#0","tintindex":0}}},{"from":[-6.139324,6.4,-12.984907],"to":[0.54639053,12.185715,-0.9506216],"rotation":{"angle":22.5,"axis":"y","origin":[17.84449,7.332143,-5.898596]},"faces":{"east":{"uv":[7.5859375,7.7578125,7.421875,7.8359375],"rotation":0,"texture":"#0","tintindex":0},"south":{"uv":[3.2109375,7.9296875,3.1171875,8.0078125],"rotation":0,"texture":"#0","tintindex":0},"north":{"uv":[1.125,7.9296875,1.03125,8.0078125],"rotation":0,"texture":"#0","tintindex":0},"west":{"uv":[7.921875,6.8515625,7.7578125,6.9296875],"rotation":0,"texture":"#0","tintindex":0},"up":{"uv":[3.2578125,7.8671875,3.3515625,7.703125],"rotation":0,"texture":"#0","tintindex":0},"down":{"uv":[6.3046875,7.703125,6.3984375,7.8671875],"rotation":0,"texture":"#0","tintindex":0}}},{"from":[-6.000001,-2.9835653,-9.714287],"to":[-2.4000006,0.10214901,-4.879999],"rotation":{"angle":-45.0,"axis":"x","origin":[22.285715,5.8878636,-16.554287]},"faces":{"east":{"uv":[2.1171875,7.4296875,2.0546875,7.46875],"rotation":0,"texture":"#0","tintindex":0},"south":{"uv":[7.9140625,0.640625,7.8671875,0.6796875],"rotation":0,"texture":"#0","tintindex":0},"north":{"uv":[3.8359375,7.859375,3.7890625,7.8984375],"rotation":0,"texture":"#0","tintindex":0},"west":{"uv":[7.4765625,3.8984375,7.4140625,3.9375],"rotation":0,"texture":"#0","tintindex":0},"up":{"uv":[1.2578125,8.078125,1.3046875,8.015625],"rotation":0,"texture":"#0","tintindex":0},"down":{"uv":[1.3046875,8.015625,1.3515625,8.078125],"rotation":0,"texture":"#0","tintindex":0}}},{"from":[4.9142857,5.3714285,-10.67341],"to":[11.6,12.057143,1.360877],"rotation":{"angle":22.5,"axis":"x","origin":[8.257143,5.3714285,-4.424838]},"faces":{"east":{"uv":[5.765625,6.578125,5.6015625,6.671875],"rotation":0,"texture":"#0","tintindex":0},"south":{"uv":[7.453125,5.15625,7.359375,5.25],"rotation":0,"texture":"#0","tintindex":0},"north":{"uv":[4.609375,7.140625,4.515625,7.234375],"rotation":0,"texture":"#0","tintindex":0},"west":{"uv":[5.4453125,3.2265625,5.28125,3.3203125],"rotation":0,"texture":"#0","tintindex":0},"up":{"uv":[7.6953125,6.2734375,7.7890625,6.109375],"rotation":0,"texture":"#0","tintindex":0},"down":{"uv":[7.6953125,7.1875,7.7890625,7.3515625],"rotation":0,"texture":"#0","tintindex":0}}},{"from":[5.428571,6.2714286,-11.316267],"to":[11.085714,12.957144,-4.424838],"rotation":{"angle":-22.5,"axis":"x","origin":[8.257143,5.3714285,-4.424838]},"faces":{"east":{"uv":[7.875,1.359375,7.7109375,1.453125],"rotation":0,"texture":"#0","tintindex":0},"south":{"uv":[6.7109375,7.921875,6.6328125,8.015625],"rotation":0,"texture":"#0","tintindex":0},"north":{"uv":[6.1640625,7.921875,6.0859375,8.015625],"rotation":0,"texture":"#0","tintindex":0},"west":{"uv":[7.859375,6.2734375,7.6953125,6.3671875],"rotation":0,"texture":"#0","tintindex":0},"up":{"uv":[6.5625,7.90625,6.640625,7.7421875],"rotation":0,"texture":"#0","tintindex":0},"down":{"uv":[3.5390625,7.7578125,3.6171875,7.921875],"rotation":0,"texture":"#0","tintindex":0}}},{"from":[6.457143,2.3021493,-16.0],"to":[10.057143,5.387864,-11.165716],"rotation":{"angle":-45.0,"axis":"x","origin":[8.257143,4.7450066,-13.968573]},"faces":{"east":{"uv":[7.1328125,0.9375,7.0703125,0.9765625],"rotation":0,"texture":"#0","tintindex":0},"south":{"uv":[7.8671875,0.640625,7.8203125,0.6796875],"rotation":0,"texture":"#0","tintindex":0},"north":{"uv":[7.859375,5.3515625,7.8125,5.390625],"rotation":0,"texture":"#0","tintindex":0},"west":{"uv":[6.9921875,5.8125,6.9296875,5.8515625],"rotation":0,"texture":"#0","tintindex":0},"up":{"uv":[5.734375,8.0625,5.78125,8.0],"rotation":0,"texture":"#0","tintindex":0},"down":{"uv":[7.375,8.0,7.421875,8.0625],"rotation":0,"texture":"#0","tintindex":0}}},{"from":[16.1,6.4,-2.059124],"to":[22.785715,12.185715,9.9751625],"rotation":{"angle":-22.5,"axis":"y","origin":[17.900002,5.3714285,2.7751617]},"faces":{"east":{"uv":[7.9140625,4.609375,7.75,4.6875],"rotation":0,"texture":"#0","tintindex":0},"south":{"uv":[1.03125,7.9296875,0.9375,8.0078125],"rotation":0,"texture":"#0","tintindex":0},"north":{"uv":[0.7578125,7.9296875,0.6640625,8.0078125],"rotation":0,"texture":"#0","tintindex":0},"west":{"uv":[7.859375,3.15625,7.6953125,3.234375],"rotation":0,"texture":"#0","tintindex":0},"up":{"uv":[1.8515625,7.8671875,1.9453125,7.703125],"rotation":0,"texture":"#0","tintindex":0},"down":{"uv":[2.8046875,7.703125,2.8984375,7.8671875],"rotation":0,"texture":"#0","tintindex":0}}},{"from":[19.528572,3.0021496,-3.742857],"to":[23.128572,6.087864,1.0914288],"rotation":{"angle":-45.0,"axis":"x","origin":[16.185715,5.3164353,-5.054285]},"faces":{"east":{"uv":[5.09375,7.2890625,5.03125,7.328125],"rotation":0,"texture":"#0","tintindex":0},"south":{"uv":[7.8984375,5.2265625,7.8515625,5.265625],"rotation":0,"texture":"#0","tintindex":0},"north":{"uv":[0.4609375,7.84375,0.4140625,7.8828125],"rotation":0,"texture":"#0","tintindex":0},"west":{"uv":[7.2109375,3.4609375,7.1484375,3.5],"rotation":0,"texture":"#0","tintindex":0},"up":{"uv":[3.1640625,8.0703125,3.2109375,8.0078125],"rotation":0,"texture":"#0","tintindex":0},"down":{"uv":[1.2109375,8.015625,1.2578125,8.078125],"rotation":0,"texture":"#0","tintindex":0}}},{"from":[4.3999996,2.0285711,-5.453409],"to":[12.114286,8.714286,10.489449],"rotation":{"angle":0.0,"axis":"y","origin":[8.257143,12.442858,10.618019]},"faces":{"east":{"uv":[6.3515625,5.3125,6.1328125,5.40625],"rotation":0,"texture":"#0","tintindex":0},"south":{"uv":[3.3203125,7.8671875,3.2109375,7.9609375],"rotation":0,"texture":"#0","tintindex":0},"north":{"uv":[3.1171875,7.8671875,3.0078125,7.9609375],"rotation":0,"texture":"#0","tintindex":0},"west":{"uv":[6.1328125,5.3125,5.9140625,5.40625],"rotation":0,"texture":"#0","tintindex":0},"up":{"uv":[6.09375,7.609375,6.203125,7.390625],"rotation":0,"texture":"#0","tintindex":0},"down":{"uv":[2.90625,7.40625,3.015625,7.625],"rotation":0,"texture":"#0","tintindex":0}}},{"from":[8.514286,4.2571425,1.7465906],"to":[16.228573,10.942858,17.68945],"rotation":{"angle":-22.5,"axis":"y","origin":[5.5571427,14.671429,17.81802]},"faces":{"east":{"uv":[7.6640625,4.734375,7.4453125,4.828125],"rotation":0,"texture":"#0","tintindex":0},"south":{"uv":[7.9765625,4.6875,7.8671875,4.78125],"rotation":0,"texture":"#0","tintindex":0},"north":{"uv":[7.9765625,4.4375,7.8671875,4.53125],"rotation":0,"texture":"#0","tintindex":0},"west":{"uv":[6.9609375,1.2109375,6.7421875,1.3046875],"rotation":0,"texture":"#0","tintindex":0},"up":{"uv":[5.6328125,7.640625,5.7421875,7.421875],"rotation":0,"texture":"#0","tintindex":0},