{"textures":{"0":"modelengine:entity/ender_dragon"},"elements":[{"from":[-12.400002,7.5,-5.2000017],"to":[32.0,8.7,-3.6000013],"rotation":{"angle":-45.0,"axis":"y","origin":[-3.500019,7.7,-12.599981]},"faces":{"east":{"uv":[2.8125,3.4453125,2.78125,3.46875],"rotation":0,"texture":"#0","tintindex":0},"south":{"uv":[8.2421875,3.3203125,7.375,3.34375],"rotation":0,"texture":"#0","tintindex":0},"north":{"uv":[8.0625,5.875,7.1953125,5.8984375],"rotation":0,"texture":"#0","tintindex":0},"west":{"uv":[2.78125,3.4453125,2.75,3.46875],"rotation":0,"texture":"#0","tintindex":0},"up":{"uv":[7.296875,5.4609375,8.1640625,5.4296875],"rotation":0,"texture":"#0","tintindex":0},"down":{"uv":[7.3203125,0.1796875,8.1875,0.2109375],"rotation":0,"texture":"#0","tintindex":0}}},{"from":[-12.400002,7.9,-5.2000017],"to":[31.600002,7.9,32.0],"rotation":{"angle":-45.0,"axis":"y","origin":[-3.500019,7.7,-12.599981]},"faces":{"east":{"uv":[0.4375,0.0,0.0,0.0],"rotation":0,"texture":"#0","tintindex":0},"south":{"uv":[0.859375,0.0,0.0,0.0],"rotation":0,"texture":"#0","tintindex":0},"north":{"uv":[0.859375,0.0,0.0,0.0],"rotation":0,"texture":"#0","tintindex":0},"west":{"uv":[0.4375,0.0,0.0,0.0],"rotation":0,"texture":"#0","tintindex":0},"up":{"uv":[2.046875,3.1953125,2.90625,2.7578125],"rotation":0,"texture":"#0","tintindex":0},"down":{"uv":[2.046875,2.7578125,2.90625,3.1953125],"rotation":0,"texture":"#0","tintindex":0}}}],"display":{"head":{"translation":[120.69267,-6.4,87.73778],"scale":[4.0,4.0,4.0]}}}