{"textures":{"0":"modelengine:entity/ender_dragon"},"elements":[{"from":[-4.000002,7.1,7.601979],"to":[32.0,9.1,9.601979],"rotation":{"angle":0.0,"axis":"y","origin":[-54.800003,7.5,37.60198]},"faces":{"east":{"uv":[5.1015625,7.4453125,5.0625,7.484375],"rotation":0,"texture":"#0","tintindex":0},"south":{"uv":[8.0390625,5.609375,7.3359375,5.6484375],"rotation":0,"texture":"#0","tintindex":0},"north":{"uv":[8.0390625,5.5703125,7.3359375,5.609375],"rotation":0,"texture":"#0","tintindex":0},"west":{"uv":[0.2578125,7.4296875,0.21875,7.46875],"rotation":0,"texture":"#0","tintindex":0},"up":{"uv":[7.3359375,5.6875,8.0390625,5.6484375],"rotation":0,"texture":"#0","tintindex":0},"down":{"uv":[7.3359375,5.6875,8.0390625,5.7265625],"rotation":0,"texture":"#0","tintindex":0}}},{"from":[-4.000002,7.6,9.601979],"to":[32.0,7.6,28.80198],"rotation":{"angle":0.0,"axis":"y","origin":[-54.800003,7.2,37.60198]},"faces":{"east":{"uv":[0.5078125,0.0,0.0,0.0],"rotation":0,"texture":"#0","tintindex":0},"south":{"uv":[0.703125,0.0,0.0,0.0],"rotation":0,"texture":"#0","tintindex":0},"north":{"uv":[0.703125,0.0,0.0,0.0],"rotation":0,"texture":"#0","tintindex":0},"west":{"uv":[0.5078125,0.0,0.0,0.0],"rotation":0,"texture":"#0","tintindex":0},"up":{"uv":[0.5234375,3.453125,1.2265625,2.9453125],"rotation":0,"texture":"#0","tintindex":0},"down":{"uv":[0.5234375,2.9453125,1.2265625,3.453125],"rotation":0,"texture":"#0","tintindex":0}}}],"display":{"head":{"translation":[49.29448,-6.4,0.0],"scale":[4.0,4.0,4.0]}}}