{"textures":{"0":"modelengine:entity/ender_dragon"},"elements":[{"from":[7.0,8.475518,7.170732],"to":[9.0,12.075518,9.1707325],"rotation":{"angle":0.0,"axis":"y","origin":[8.2,15.455519,12.930732]},"faces":{"east":{"uv":[3.4609375,6.7109375,3.5,6.78125],"rotation":0,"texture":"#0","tintindex":0},"south":{"uv":[3.203125,6.7265625,3.2421875,6.796875],"rotation":0,"texture":"#0","tintindex":0},"north":{"uv":[6.6875,3.9375,6.7265625,4.0078125],"rotation":0,"texture":"#0","tintindex":0},"west":{"uv":[0.125,6.734375,0.1640625,6.8046875],"rotation":0,"texture":"#0","tintindex":0},"up":{"uv":[0.1328125,7.8203125,0.09375,7.78125],"rotation":0,"texture":"#0","tintindex":0},"down":{"uv":[7.8984375,5.3515625,7.859375,5.390625],"rotation":0,"texture":"#0","tintindex":0}}},{"from":[5.2,3.12,-2.4000015],"to":[10.8,10.32,32.0],"rotation":{"angle":0.0,"axis":"y","origin":[8.8,10.8,-27.440002]},"faces":{"east":{"uv":[6.0,1.34375,6.671875,1.484375],"rotation":0,"texture":"#0","tintindex":0},"south":{"uv":[7.734375,1.0625,7.84375,1.203125],"rotation":0,"texture":"#0","tintindex":0},"north":{"uv":[0.3046875,7.734375,0.4140625,7.875],"rotation":0,"texture":"#0","tintindex":0},"west":{"uv":[6.0078125,2.4765625,6.6796875,2.6171875],"rotation":0,"texture":"#0","tintindex":0},"up":{"uv":[1.6171875,7.140625,1.5078125,6.46875],"rotation":0,"texture":"#0","tintindex":0},"down":{"uv":[1.0625,6.5,0.953125,7.171875],"rotation":0,"texture":"#0","tintindex":0}}}],"display":{"head":{"translation":[0.0,-6.4,32.960007],"scale":[4.0,4.0,4.0]}}}