{"textures":{"0":"modelengine:entity/ender_dragon"},"elements":[{"from":[4.3999996,4.3999996,-3.8999996],"to":[11.6,12.4,30.5],"rotation":{"angle":0.0,"axis":"y","origin":[8.8,10.8,-31.5]},"faces":{"east":{"uv":[5.5,4.59375,6.171875,4.75],"rotation":0,"texture":"#0","tintindex":0},"south":{"uv":[4.7109375,7.4921875,4.8515625,7.6484375],"rotation":0,"texture":"#0","tintindex":0},"north":{"uv":[1.421875,7.484375,1.5625,7.640625],"rotation":0,"texture":"#0","tintindex":0},"west":{"uv":[5.5078125,1.84375,6.1796875,2.0],"rotation":0,"texture":"#0","tintindex":0},"up":{"uv":[5.765625,6.578125,5.625,5.90625],"rotation":0,"texture":"#0","tintindex":0},"down":{"uv":[2.3046875,5.9140625,2.1640625,6.5859375],"rotation":0,"texture":"#0","tintindex":0}}},{"from":[5.3999996,1.0999999,-3.5999994],"to":[10.6,9.9,32.0],"rotation":{"angle":0.0,"axis":"y","origin":[8.6,12.3,-25.199997]},"faces":{"east":{"uv":[4.796875,3.7578125,5.4921875,3.96875],"rotation":0,"texture":"#0","tintindex":0},"south":{"uv":[7.03125,4.6171875,7.2421875,4.828125],"rotation":0,"texture":"#0","tintindex":0},"north":{"uv":[7.03125,4.40625,7.2421875,4.6171875],"rotation":0,"texture":"#0","tintindex":0},"west":{"uv":[4.796875,3.96875,5.4921875,4.1796875],"rotation":0,"texture":"#0","tintindex":0},"up":{"uv":[2.4296875,5.375,2.21875,4.6796875],"rotation":0,"texture":"#0","tintindex":0},"down":{"uv":[2.640625,4.6796875,2.4296875,5.375],"rotation":0,"texture":"#0","tintindex":0}}},{"from":[6.592,8.868056,4.7750463],"to":[9.408,14.932056,8.039046],"rotation":{"angle":0.0,"axis":"y","origin":[8.0,14.124056,6.887047]},"faces":{"east":{"uv":[2.890625,8.03125,2.9375,8.078125],"rotation":0,"texture":"#0","tintindex":0},"south":{"uv":[5.6171875,8.015625,5.671875,8.0625],"rotation":0,"texture":"#0","tintindex":0},"north":{"uv":[8.015625,3.65625,8.0703125,3.703125],"rotation":0,"texture":"#0","tintindex":0},"west":{"uv":[2.9375,8.03125,2.984375,8.078125],"rotation":0,"texture":"#0","tintindex":0},"up":{"uv":[8.0703125,5.9453125,8.015625,5.8984375],"rotation":0,"texture":"#0","tintindex":0},"down":{"uv":[6.1328125,8.015625,6.078125,8.0625],"rotation":0,"texture":"#0","tintindex":0}}},{"from":[6.592,8.068056,19.175047],"to":[9.408,14.132056,22.439045],"rotation":{"angle":0.0,"axis":"y","origin":[8.0,13.324057,21.287046]},"faces":{"east":{"uv":[2.890625,8.03125,2.9375,8.078125],"rotation":0,"texture":"#0","tintindex":0},"south":{"uv":[5.6171875,8.015625,5.671875,8.0625],"rotation":0,"texture":"#0","tintindex":0},"north":{"uv":[8.015625,3.65625,8.0703125,3.703125],"rotation":0,"texture":"#0","tintindex":0},"west":{"uv":[2.9375,8.03125,2.984375,8.078125],"rotation":0,"texture":"#0","tintindex":0},"up":{"uv":[8.0703125,5.9453125,8.015625,5.8984375],"rotation":0,"texture":"#0","tintindex":0},"down":{"uv":[6.1328125,8.015625,6.078125,8.0625],"rotation":0,"texture":"#0","tintindex":0}}}],"display":{"head":{"translation":[0.0,-6.4,49.199997],"scale":[4.0,4.0,4.0]}}}