{"textures":{"0":"modelengine:entity/ender_dragon"},"elements":[{"from":[3.0,2.7999997,-2.3999996],"to":[13.0,14.0,32.0],"rotation":{"angle":0.0,"axis":"y","origin":[8.6,10.8,-30.0]},"faces":{"east":{"uv":[4.7734375,3.3203125,5.4453125,3.5390625],"rotation":0,"texture":"#0","tintindex":0},"south":{"uv":[6.953125,7.0859375,7.1484375,7.3046875],"rotation":0,"texture":"#0","tintindex":0},"north":{"uv":[7.0859375,2.015625,7.28125,2.234375],"rotation":0,"texture":"#0","tintindex":0},"west":{"uv":[4.7734375,3.5390625,5.4453125,3.7578125],"rotation":0,"texture":"#0","tintindex":0},"up":{"uv":[1.4140625,5.5703125,1.21875,4.8984375],"rotation":0,"texture":"#0","tintindex":0},"down":{"uv":[0.5,4.9609375,0.3046875,5.6328125],"rotation":0,"texture":"#0","tintindex":0}}},{"from":[4.2,0.4000001,-3.999999],"to":[11.8,9.2,31.600002],"rotation":{"angle":0.0,"axis":"y","origin":[8.6,11.6,-25.599998]},"faces":{"east":{"uv":[4.796875,3.7578125,5.4921875,3.96875],"rotation":0,"texture":"#0","tintindex":0},"south":{"uv":[7.03125,4.6171875,7.2421875,4.828125],"rotation":0,"texture":"#0","tintindex":0},"north":{"uv":[7.03125,4.40625,7.2421875,4.6171875],"rotation":0,"texture":"#0","tintindex":0},"west":{"uv":[4.796875,3.96875,5.4921875,4.1796875],"rotation":0,"texture":"#0","tintindex":0},"up":{"uv":[2.4296875,5.375,2.21875,4.6796875],"rotation":0,"texture":"#0","tintindex":0},"down":{"uv":[2.640625,4.6796875,2.4296875,5.375],"rotation":0,"texture":"#0","tintindex":0}}},{"from":[6.592,12.068056,4.6750464],"to":[9.408,18.132057,7.939047],"rotation":{"angle":0.0,"axis":"y","origin":[8.0,17.324057,6.7870474]},"faces":{"east":{"uv":[2.890625,8.03125,2.9375,8.078125],"rotation":0,"texture":"#0","tintindex":0},"south":{"uv":[5.6171875,8.015625,5.671875,8.0625],"rotation":0,"texture":"#0","tintindex":0},"north":{"uv":[8.015625,3.65625,8.0703125,3.703125],"rotation":0,"texture":"#0","tintindex":0},"west":{"uv":[2.9375,8.03125,2.984375,8.078125],"rotation":0,"texture":"#0","tintindex":0},"up":{"uv":[8.0703125,5.9453125,8.015625,5.8984375],"rotation":0,"texture":"#0","tintindex":0},"down":{"uv":[6.1328125,8.015625,6.078125,8.0625],"rotation":0,"texture":"#0","tintindex":0}}},{"from":[6.592,10.468056,20.275047],"to":[9.408,16.532055,23.539045],"rotation":{"angle":0.0,"axis":"y","origin":[8.0,15.724056,22.387047]},"faces":{"east":{"uv":[2.890625,8.03125,2.9375,8.078125],"rotation":0,"texture":"#0","tintindex":0},"south":{"uv":[5.6171875,8.015625,5.671875,8.0625],"rotation":0,"texture":"#0","tintindex":0},"north":{"uv":[8.015625,3.65625,8.0703125,3.703125],"rotation":0,"texture":"#0","tintindex":0},"west":{"uv":[2.9375,8.03125,2.984375,8.078125],"rotation":0,"texture":"#0","tintindex":0},"up":{"uv":[8.0703125,5.9453125,8.015625,5.8984375],"rotation":0,"texture":"#0","tintindex":0},"down":{"uv":[6.1328125,8.015625,6.078125,8.0625],"rotation":0,"texture":"#0","tintindex":0}}}],"display":{"head":{"translation":[0.0,-6.4,43.199997],"scale":[4.0,4.0,4.0]}}}