{"textures":{"0":"modelengine:entity/ender_dragon"},"elements":[{"from":[-7.8,6.667943,-12.0],"to":[23.8,25.067944,7.6000023],"rotation":{"angle":-22.5,"axis":"x","origin":[8.0,15.867944,6.7000027]},"faces":{"east":{"uv":[1.453125,3.7734375,1.8359375,4.1328125],"rotation":0,"texture":"#0","tintindex":0},"south":{"uv":[4.1796875,3.828125,4.796875,4.1875],"rotation":0,"texture":"#0","tintindex":0},"north":{"uv":[4.15625,3.46875,4.7734375,3.828125],"rotation":0,"texture":"#0","tintindex":0},"west":{"uv":[4.828125,1.21875,5.2109375,1.578125],"rotation":0,"texture":"#0","tintindex":0},"up":{"uv":[0.6171875,4.34375,0.0,3.9609375],"rotation":0,"texture":"#0","tintindex":0},"down":{"uv":[2.0703125,4.140625,1.453125,4.5234375],"rotation":0,"texture":"#0","tintindex":0}}},{"from":[-2.1999998,-6.132057,-16.0],"to":[18.2,7.8679433,-4.3999977],"rotation":{"angle":-22.5,"axis":"x","origin":[7.6,15.867944,6.7000027]},"faces":{"east":{"uv":[6.6171875,3.5,6.84375,3.7734375],"rotation":0,"texture":"#0","tintindex":0},"south":{"uv":[4.078125,5.4921875,4.4765625,5.765625],"rotation":0,"texture":"#0","tintindex":0},"north":{"uv":[5.4921875,3.7890625,5.890625,4.0625],"rotation":0,"texture":"#0","tintindex":0},"west":{"uv":[6.625,5.578125,6.8515625,5.8515625],"rotation":0,"texture":"#0","tintindex":0},"up":{"uv":[6.40625,4.53125,6.0078125,4.3046875],"rotation":0,"texture":"#0","tintindex":0},"down":{"uv":[6.4140625,2.1875,6.015625,2.4140625],"rotation":0,"texture":"#0","tintindex":0}}},{"from":[-11.6,-2.5635977,-6.424179],"to":[2.4,9.436402,20.775822],"rotation":{"angle":22.5,"axis":"y","origin":[-0.8000002,0.6364026,3.375822]},"faces":{"east":{"uv":[2.328125,1.890625,2.859375,2.125],"rotation":0,"texture":"#0","tintindex":0},"south":{"uv":[6.578125,4.53125,6.8515625,4.765625],"rotation":0,"texture":"#0","tintindex":0},"north":{"uv":[6.4765625,4.296875,6.75,4.53125],"rotation":0,"texture":"#0","tintindex":0},"west":{"uv":[0.0,3.1875,0.53125,3.421875],"rotation":0,"texture":"#0","tintindex":0},"up":{"uv":[0.8359375,5.25,0.5625,4.71875],"rotation":0,"texture":"#0","tintindex":0},"down":{"uv":[3.8046875,4.71875,3.53125,5.25],"rotation":0,"texture":"#0","tintindex":0}}},{"from":[13.6,-2.5635977,-6.424179],"to":[27.6,9.436402,20.775822],"rotation":{"angle":-22.5,"axis":"y","origin":[16.8,0.6364026,3.375822]},"faces":{"east":{"uv":[5.234375,0.0,5.765625,0.234375],"rotation":0,"texture":"#0","tintindex":0},"south":{"uv":[6.578125,5.0,6.8515625,5.234375],"rotation":0,"texture":"#0","tintindex":0},"north":{"uv":[6.578125,4.765625,6.8515625,5.0],"rotation":0,"texture":"#0","tintindex":0},"west":{"uv":[0.5,5.2578125,1.03125,5.4921875],"rotation":0,"texture":"#0","tintindex":0},"up":{"uv":[2.9140625,5.3515625,2.640625,4.8203125],"rotation":0,"texture":"#0","tintindex":0},"down":{"uv":[4.078125,4.8203125,3.8046875,5.3515625],"rotation":0,"texture":"#0","tintindex":0}}},{"from":[0.19999981,5.209832,-1.0538635],"to":[15.8,23.609833,18.546135],"rotation":{"angle":0.0,"axis":"y","origin":[8.0,23.209833,8.746136]},"faces":{"east":{"uv":[4.8828125,2.3125,5.265625,2.671875],"rotation":0,"texture":"#0","tintindex":0},"south":{"uv":[5.4921875,3.4296875,5.796875,3.7890625],"rotation":0,"texture":"#0","tintindex":0},"north":{"uv":[5.4921875,1.046875,5.796875,1.40625],"rotation":0,"texture":"#0","tintindex":0},"west":{"uv":[0.8359375,4.8984375,1.21875,5.2578125],"rotation":0,"texture":"#0","tintindex":0},"up":{"uv":[3.59375,5.6328125,3.2890625,5.25],"rotation":0,"texture":"#0","tintindex":0},"down":{"uv":[2.0,5.3046875,1.6953125,5.6875],"rotation":0,"texture":"#0","tintindex":0}}},{"from":[0.19999981,-12.790167,-1.8538666],"to":[15.8,6.8098326,27.346134],"rotation":{"angle":0.0,"axis":"y","origin":[8.0,23.209833,8.746136]},"faces":{"east":{"uv":[4.1796875,4.1875,4.75,4.5703125],"rotation":0,"texture":"#0","tintindex":0},"south":{"uv":[3.59375,5.3515625,3.8984375,5.734375],"rotation":0,"texture":"#0","tintindex":0},"north":{"uv":[4.78125,5.3125,5.0859375,5.6953125],"rotation":0,"texture":"#0","tintindex":0},"west":{"uv":[2.0703125,4.296875,2.640625,4.6796875],"rotation":0,"texture":"#0","tintindex":0},"up":{"uv":[4.6171875,2.8828125,4.3125,2.3125],"rotation":0,"texture":"#0","tintindex":0},"down":{"uv":[4.6171875,2.8828125,4.3125,3.453125],"rotation":0,"texture":"#0","tintindex":0}}},{"from":[6.592,27.536,11.075048],"to":[9.408,32.0,14.339048],"rotation":{"angle":0.0,"axis":"y","origin":[8.0,32.792,13.187048]},"faces":{"east":{"uv":[2.890625,8.03125,2.9375,8.078125],"rotation":0,"texture":"#0","tintindex":0},"south":{"uv":[5.6171875,8.015625,5.671875,8.0625],"rotation":0,"texture":"#0","tintindex":0},"north":{"uv":[8.015625,3.65625,8.0703125,3.703125],"rotation":0,"texture":"#0","tintindex":0},"west":{"uv":[2.9375,8.03125,2.984375,8.078125],"rotation":0,"texture":"#0","tintindex":0},"up":{"uv":[8.0703125,5.9453125,8.015625,5.8984375],"rotation":0,"texture":"#0","tintindex":0},"down":{"uv":[6.1328125,8.015625,6.078125,8.0625],"rotation":0,"texture":"#0","tintindex":0}}},{"from":[5.5360003,22.611944,9.904001],"to":[10.464,28.643944,14.576002],"rotation":{"angle":22.5,"axis":"x","origin":[8.0,27.939943,11.840002]},"faces":{"east":{"uv":[4.078125,7.8984375,4.15625,8.0078125],"rotation":0,"texture":"#0","tintindex":0},"south":{"uv":[3.6953125,7.859375,3.7890625,7.96875],"rotation":0,"texture":"#0","tintindex":0},"north":{"uv":[7.859375,3.6015625,7.953125,3.7109375],"rotation":0,"texture":"#0","tintindex":0},"west":{"uv":[4.15625,7.8984375,4.234375,8.0078125],"rotation":0,"texture":"#0","tintindex":0},"up":{"uv":[3.6015625,8.0,3.5078125,7.921875],"rotation":0,"texture":"#0","tintindex":0},"down":{"uv":[3.6953125,7.921875,3.6015625,8.0],"rotation":0,"texture":"#0","tintindex":0}}},{"from":[6.768,21.723755,7.2517204],"to":[9.232,28.555756,10.115719],"rotation":{"angle":45.0,"axis":"x","origin":[8.176,26.795755,7.7797203]},"faces":{"east":{"uv":[0.4140625,7.734375,0.4609375,7.84375],"rotation":0,"texture":"#0","tintindex":0},"south":{"uv":[7.8984375,7.9609375,7.9453125,8.0703125],"rotation":0,"texture":"#0","tintindex":0},"north":{"uv":[2.3671875,7.390625,2.4140625,7.5],"rotation":0,"texture":"#0","tintindex":0},"west":{"uv":[1.8203125,7.9765625,1.8671875,8.0859375],"rotation":0,"texture":"#0","tintindex":0},"up":{"uv":[8.078125,1.5,8.03125,1.453125],"rotation":0,"texture":"#0","tintindex":0},"down":{"uv":[8.078125,1.5,8.03125,1.546875],"rotation":0,"texture":"#0","tintindex":0}}}],"display":{"head":{"translation":[0.0,3.7282271,-102.40001],"scale":[4.0,4.0,4.0]}}}