{"textures":{"0":"modelengine:entity/ender_dragon"},"elements":[{"from":[-0.8279371,0.29009962,7.8857164],"to":[16.772064,9.844386,19.954288],"rotation":{"angle":0.0,"axis":"y","origin":[7.2177777,6.827243,12.41143]},"faces":{"east":{"uv":[4.8515625,7.4921875,5.015625,7.625],"rotation":0,"texture":"#0","tintindex":0},"south":{"uv":[7.125,0.2109375,7.3671875,0.34375],"rotation":0,"texture":"#0","tintindex":0},"north":{"uv":[6.0,1.484375,6.2421875,1.6171875],"rotation":0,"texture":"#0","tintindex":0},"west":{"uv":[5.015625,7.4921875,5.1796875,7.625],"rotation":0,"texture":"#0","tintindex":0},"up":{"uv":[3.53125,5.25,3.2890625,5.0859375],"rotation":0,"texture":"#0","tintindex":0},"down":{"uv":[1.984375,7.1484375,1.7421875,7.3125],"rotation":0,"texture":"#0","tintindex":0}}},{"from":[1.9377775,-4.738471,-0.66285515],"to":[14.00635,2.8043861,11.908573],"rotation":{"angle":0.0,"axis":"y","origin":[7.4692063,6.827243,12.41143]},"faces":{"east":{"uv":[3.8046875,4.71875,3.9765625,4.8203125],"rotation":0,"texture":"#0","tintindex":0},"south":{"uv":[7.6484375,6.59375,7.8125,6.6953125],"rotation":0,"texture":"#0","tintindex":0},"north":{"uv":[5.15625,7.6484375,5.3203125,7.75],"rotation":0,"texture":"#0","tintindex":0},"west":{"uv":[1.5234375,7.6484375,1.6953125,7.75],"rotation":0,"texture":"#0","tintindex":0},"up":{"uv":[1.4765625,7.46875,1.3125,7.296875],"rotation":0,"texture":"#0","tintindex":0},"down":{"uv":[2.28125,7.296875,2.1171875,7.46875],"rotation":0,"texture":"#0","tintindex":0}}},{"from":[3.6977777,-2.224186,-13.234285],"to":[12.246349,2.8043861,-0.66285515],"rotation":{"angle":0.0,"axis":"y","origin":[7.720635,6.827243,12.41143]},"faces":{"east":{"uv":[7.7890625,6.1875,7.9609375,6.2578125],"rotation":0,"texture":"#0","tintindex":0},"south":{"uv":[7.8828125,4.3671875,8.0,4.4375],"rotation":0,"texture":"#0","tintindex":0},"north":{"uv":[6.6171875,3.03125,6.734375,3.1015625],"rotation":0,"texture":"#0","tintindex":0},"west":{"uv":[7.7890625,7.703125,7.9609375,7.7734375],"rotation":0,"texture":"#0","tintindex":0},"up":{"uv":[0.578125,7.71875,0.4609375,7.546875],"rotation":0,"texture":"#0","tintindex":0},"down":{"uv":[0.984375,7.546875,0.8671875,7.71875],"rotation":0,"texture":"#0","tintindex":0}}},{"from":[3.1949205,-0.7156143,-11.2228565],"to":[5.2063494,4.312957,-8.7085705],"rotation":{"angle":0.0,"axis":"y","origin":[7.720635,6.827243,12.41143]},"faces":{"east":{"uv":[3.7734375,5.25,3.8046875,5.3203125],"rotation":0,"texture":"#0","tintindex":0},"south":{"uv":[5.9140625,2.0,5.9453125,2.0703125],"rotation":0,"texture":"#0","tintindex":0},"north":{"uv":[2.875,2.65625,2.90625,2.7265625],"rotation":0,"texture":"#0","tintindex":0},"west":{"uv":[0.9921875,6.09375,1.0234375,6.1640625],"rotation":0,"texture":"#0","tintindex":0},"up":{"uv":[7.828125,6.109375,7.796875,6.078125],"rotation":0,"texture":"#0","tintindex":0},"down":{"uv":[1.390625,7.8125,1.359375,7.84375],"rotation":0,"texture":"#0","tintindex":0}}},{"from":[3.6977777,4.312957,-10.719999],"to":[4.703492,5.8215284,-9.211428],"rotation":{"angle":0.0,"axis":"y","origin":[7.720635,6.827243,12.41143]},"faces":{"east":{"uv":[2.6953125,3.953125,2.71875,3.9765625],"rotation":0,"texture":"#0","tintindex":0},"south":{"uv":[4.5234375,1.8671875,4.5390625,1.890625],"rotation":0,"texture":"#0","tintindex":0},"north":{"uv":[4.15625,4.5078125,4.171875,4.53125],"rotation":0,"texture":"#0","tintindex":0},"west":{"uv":[2.71875,3.953125,2.7421875,3.9765625],"rotation":0,"texture":"#0","tintindex":0},"up":{"uv":[4.171875,4.5546875,4.15625,4.53125],"rotation":0,"texture":"#0","tintindex":0},"down":{"uv":[4.5546875,1.8671875,4.5390625,1.890625],"rotation":0,"texture":"#0","tintindex":0}}},{"from":[4.954921,1.924386,-13.862856],"to":[5.9606347,4.4386716,-12.731428],"rotation":{"angle":0.0,"axis":"y","origin":[7.720635,6.827243,12.41143]},"faces":{"east":{"uv":[2.859375,2.046875,2.875,2.078125],"rotation":0,"texture":"#0","tintindex":0},"south":{"uv":[2.859375,2.078125,2.875,2.109375],"rotation":0,"texture":"#0","tintindex":0},"north":{"uv":[2.859375,2.015625,2.875,2.046875],"rotation":0,"texture":"#0","tintindex":0},"west":{"uv":[3.03125,0.5078125,3.046875,0.5390625],"rotation":0,"texture":"#0","tintindex":0},"up":{"uv":[3.8125,2.453125,3.796875,2.4375],"rotation":0,"texture":"#0","tintindex":0},"down":{"uv":[3.828125,2.4375,3.8125,2.453125],"rotation":0,"texture":"#0","tintindex":0}}},{"from":[9.983492,1.924386,-13.862856],"to":[10.989206,4.4386716,-12.731428],"rotation":{"angle":0.0,"axis":"y","origin":[8.223492,6.827243,12.41143]},"faces":{"east":{"uv":[3.71875,1.890625,3.734375,1.921875],"rotation":0,"texture":"#0","tintindex":0},"south":{"uv":[3.71875,1.921875,3.734375,1.953125],"rotation":0,"texture":"#0","tintindex":0},"north":{"uv":[3.03125,0.5390625,3.046875,0.5703125],"rotation":0,"texture":"#0","tintindex":0},"west":{"uv":[3.71875,1.953125,3.734375,1.984375],"rotation":0,"texture":"#0","tintindex":0},"up":{"uv":[3.84375,2.453125,3.828125,2.4375],"rotation":0,"texture":"#0","tintindex":0},"down":{"uv":[3.859375,2.4375,3.84375,2.453125],"rotation":0,"texture":"#0","tintindex":0}}},{"from":[7.4692063,1.5472426,-14.491428],"to":[8.47492,4.0615287,-13.359999],"rotation":{"angle":0.0,"axis":"y","origin":[5.7092066,6.827243,12.41143]},"faces":{"east":{"uv":[2.5859375,4.140625,2.6015625,4.171875],"rotation":0,"texture":"#0","tintindex":0},"south":{"uv":[0.6875,4.1484375,0.703125,4.1796875],"rotation":0,"texture":"#0","tintindex":0},"north":{"uv":[3.71875,1.984375,3.734375,2.015625],"rotation":0,"texture":"#0","tintindex":0},"west":{"uv":[2.5859375,4.171875,2.6015625,4.203125],"rotation":0,"texture":"#0","tintindex":0},"up":{"uv":[3.875,2.453125,3.859375,2.4375],"rotation":0,"texture":"#0","tintindex":0},"down":{"uv":[3.890625,2.4375,3.875,2.453125],"rotation":0,"texture":"#0","tintindex":0}}},{"from":[1.6863489,4.312957,1.3485732],"to":[2.6920633,6.5758142,2.6057162],"rotation":{"angle":22.5,"axis":"x","origin":[2.1892061,5.0672426,0.5942869]},"faces":{"east":{"uv":[2.5859375,4.234375,2.6015625,4.265625],"rotation":0,"texture":"#0","tintindex":0},"south":{"uv":[2.5859375,4.265625,2.6015625,4.296875],"rotation":0,"texture":"#0","tintindex":0},"north":{"uv":[2.5859375,4.203125,2.6015625,4.234375],"rotation":0,"texture":"#0","tintindex":0},"west":{"uv":[4.15625,4.296875,4.171875,4.328125],"rotation":0,"texture":"#0","tintindex":0},"up":{"uv":[3.90625,2.453125,3.890625,2.4375],"rotation":0,"texture":"#0","tintindex":0},"down":{"uv":[3.921875,2.4375,3.90625,2.453125],"rotation":0,"texture":"#0","tintindex":0}}},{"from":[3.6977777,4.312957,-5.18857],"to":[4.703492,6.1986713,-3.6799984],"rotation":{"angle":0.0,"axis":"y","origin":[7.720635,6.827243,12.41143]},"faces":{"east":{"uv":[4.15625,3.828125,4.1796875,3.8515625],"rotation":0,"texture":"#0","tintindex":0},"south":{"uv":[4.5703125,1.8671875,4.5859375,1.890625],"rotation":0,"texture":"#0","tintindex":0},"north":{"uv":[4.5546875,1.8671875,4.5703125,1.890625],"rotation":0,"texture":"#0","tintindex":0},"west":{"uv":[4.15625,3.8515625,4.1796875,3.875],"rotation":0,"texture":"#0","tintindex":0},"up":{"uv":[4.6015625,1.890625,4.5859375,1.8671875],"rotation":0,"texture":"#0","tintindex":0},"down":{"uv":[4.6171875,1.8671875,4.6015625,1.890625],"rotation":0,"texture":"#0","tintindex":0}}},{"from":[3.1949205,-0.7156143,-5.691427],"to":[5.2063494,4.312957,-3.1771421],"rotation":{"angle":0.0,"axis":"y","origin":[7.720635,6.827243,12.41143]},"faces":{"east":{"uv":[0.9921875,6.234375,1.0234375,6.3046875],"rotation":0,"texture":"#0","tintindex":0},"south":{"uv":[0.9921875,6.3046875,1.0234375,6.375],"rotation":0,"texture":"#0","tintindex":0},"north":{"uv":[0.9921875,6.1640625,1.0234375,6.234375],"rotation":0,"texture":"#0","tintindex":0},"west":{"uv":[6.34375,6.671875,6.375,6.7421875],"rotation":0,"texture":"#0","tintindex":0},"up":{"uv":[7.859375,6.109375,7.828125,6.078125],"rotation":0,"texture":"#0","tintindex":0},"down":{"uv":[2.5,7.8359375,2.46875,7.8671875],"rotation":0,