{"textures":{"0":"modelengine:entity/ender_dragon"},"elements":[{"from":[1.3142858,-16.0,1.8285708],"to":[12.628572,21.028576,12.628572],"rotation":{"angle":0.0,"axis":"y","origin":[8.0,20.51429,8.0]},"faces":{"east":{"uv":[6.4296875,4.7421875,6.578125,5.25],"rotation":0,"texture":"#0","tintindex":0},"south":{"uv":[0.4375,6.3984375,0.59375,6.90625],"rotation":0,"texture":"#0","tintindex":0},"north":{"uv":[0.28125,6.3984375,0.4375,6.90625],"rotation":0,"texture":"#0","tintindex":0},"west":{"uv":[6.375,6.4453125,6.5234375,6.953125],"rotation":0,"texture":"#0","tintindex":0},"up":{"uv":[4.7734375,3.46875,4.6171875,3.3203125],"rotation":0,"texture":"#0","tintindex":0},"down":{"uv":[4.90625,4.421875,4.75,4.5703125],"rotation":0,"texture":"#0","tintindex":0}}},{"from":[2.8571424,-16.0,-1.7714291],"to":[11.085714,1.4857178,1.8285708],"rotation":{"angle":0.0,"axis":"y","origin":[8.0,20.51429,8.0]},"faces":{"east":{"uv":[1.234375,2.9453125,1.28125,3.1875],"rotation":0,"texture":"#0","tintindex":0},"south":{"uv":[0.390625,5.6328125,0.5,5.875],"rotation":0,"texture":"#0","tintindex":0},"north":{"uv":[1.9375,3.265625,2.046875,3.5078125],"rotation":0,"texture":"#0","tintindex":0},"west":{"uv":[4.3203125,0.6171875,4.3671875,0.859375],"rotation":0,"texture":"#0","tintindex":0},"up":{"uv":[7.671875,6.3671875,7.5625,6.3203125],"rotation":0,"texture":"#0","tintindex":0},"down":{"uv":[7.7578125,6.890625,7.6484375,6.9375],"rotation":0,"texture":"#0","tintindex":0}}},{"from":[2.0857139,-10.471424,5.942857],"to":[10.957143,29.128576,16.742859],"rotation":{"angle":22.5,"axis":"x","origin":[6.9714284,1.2285748,16.485714]},"faces":{"east":{"uv":[3.0546875,6.28125,3.203125,6.8203125],"rotation":0,"texture":"#0","tintindex":0},"south":{"uv":[3.8046875,6.5,3.9296875,7.0390625],"rotation":0,"texture":"#0","tintindex":0},"north":{"uv":[1.0625,6.5,1.1875,7.0390625],"rotation":0,"texture":"#0","tintindex":0},"west":{"uv":[1.8046875,6.2890625,1.953125,6.828125],"rotation":0,"texture":"#0","tintindex":0},"up":{"uv":[3.6640625,7.7578125,3.5390625,7.609375],"rotation":0,"texture":"#0","tintindex":0},"down":{"uv":[7.734375,5.015625,7.609375,5.1640625],"rotation":0,"texture":"#0","tintindex":0}}},{"from":[-3.1857157,0.8428612,2.342857],"to":[5.685714,19.357147,13.142858],"rotation":{"angle":22.5,"axis":"x","origin":[6.9714284,1.2285748,16.485714]},"faces":{"east":{"uv":[2.75,3.1953125,2.8984375,3.4453125],"rotation":0,"texture":"#0","tintindex":0},"south":{"uv":[3.6484375,7.203125,3.7734375,7.453125],"rotation":0,"texture":"#0","tintindex":0},"north":{"uv":[0.9375,7.171875,1.0625,7.421875],"rotation":0,"texture":"#0","tintindex":0},"west":{"uv":[2.6015625,3.703125,2.75,3.953125],"rotation":0,"texture":"#0","tintindex":0},"up":{"uv":[6.21875,7.7578125,6.09375,7.609375],"rotation":0,"texture":"#0","tintindex":0},"down":{"uv":[6.78125,7.609375,6.65625,7.7578125],"rotation":0,"texture":"#0","tintindex":0}}},{"from":[7.1,-2.8857117,4.528571],"to":[15.971429,22.957148,14.171429],"rotation":{"angle":0.0,"axis":"y","origin":[6.9714284,1.2285748,16.485714]},"faces":{"east":{"uv":[4.1796875,6.984375,4.3125,7.3359375],"rotation":0,"texture":"#0","tintindex":0},"south":{"uv":[1.0625,7.0390625,1.1875,7.390625],"rotation":0,"texture":"#0","tintindex":0},"north":{"uv":[1.1875,7.0078125,1.3125,7.359375],"rotation":0,"texture":"#0","tintindex":0},"west":{"uv":[6.9921875,0.0,7.125,0.3515625],"rotation":0,"texture":"#0","tintindex":0},"up":{"uv":[4.046875,7.796875,3.921875,7.6640625],"rotation":0,"texture":"#0","tintindex":0},"down":{"uv":[4.40625,7.6640625,4.28125,7.796875],"rotation":0,"texture":"#0","tintindex":0}}}],"display":{"head":{"translation":[0.0,-56.45716,0.0],"scale":[4.0,4.0,4.0]}}}