{"textures":{"0":"modelengine:entity/ender_dragon"},"elements":[{"from":[-7.0999985,7.5,8.399998],"to":[17.700003,8.7,9.999997],"rotation":{"angle":45.0,"axis":"y","origin":[4.800003,7.7,-3.0000029]},"faces":{"east":{"uv":[2.8125,3.4453125,2.84375,3.46875],"rotation":0,"texture":"#0","tintindex":0},"south":{"uv":[3.75,0.984375,4.234375,1.0078125],"rotation":0,"texture":"#0","tintindex":0},"north":{"uv":[3.734375,2.4140625,4.21875,2.4375],"rotation":0,"texture":"#0","tintindex":0},"west":{"uv":[2.84375,3.4453125,2.875,3.46875],"rotation":0,"texture":"#0","tintindex":0},"up":{"uv":[2.8125,2.15625,2.328125,2.125],"rotation":0,"texture":"#0","tintindex":0},"down":{"uv":[2.8125,2.15625,2.328125,2.1875],"rotation":0,"texture":"#0","tintindex":0}}},{"from":[-16.0,7.9,9.5999975],"to":[18.000002,7.9,32.0],"rotation":{"angle":45.0,"axis":"y","origin":[5.1000023,7.7,-3.4000025]},"faces":{"east":{"uv":[0.0,0.0,0.4375,0.0],"rotation":0,"texture":"#0","tintindex":0},"south":{"uv":[0.0,0.0,0.6640625,0.0],"rotation":0,"texture":"#0","tintindex":0},"north":{"uv":[0.0,0.0,0.6640625,0.0],"rotation":0,"texture":"#0","tintindex":0},"west":{"uv":[0.0,0.0,0.4375,0.0],"rotation":0,"texture":"#0","tintindex":0},"up":{"uv":[4.328125,0.4375,3.6640625,0.0],"rotation":0,"texture":"#0","tintindex":0},"down":{"uv":[4.328125,0.0,3.6640625,0.4375],"rotation":0,"texture":"#0","tintindex":0}}}],"display":{"head":{"translation":[-61.89261,-6.4,49.33786],"scale":[4.0,4.0,4.0]}}}