{"textures":{"0":"modelengine:entity/ender_dragon"},"elements":[{"from":[5.3411584,6.66125,-7.3059483],"to":[8.141158,9.36125,23.094053],"rotation":{"angle":22.5,"axis":"y","origin":[5.141158,8.36125,19.894054]},"faces":{"east":{"uv":[3.75,0.9296875,4.34375,0.984375],"rotation":0,"texture":"#0","tintindex":0},"south":{"uv":[8.0078125,6.03125,8.0625,6.0859375],"rotation":0,"texture":"#0","tintindex":0},"north":{"uv":[8.0078125,5.9765625,8.0625,6.03125],"rotation":0,"texture":"#0","tintindex":0},"west":{"uv":[7.0859375,2.234375,7.6796875,2.2890625],"rotation":0,"texture":"#0","tintindex":0},"up":{"uv":[4.6640625,0.59375,4.609375,0.0],"rotation":0,"texture":"#0","tintindex":0},"down":{"uv":[6.3125,7.0625,6.2578125,7.65625],"rotation":0,"texture":"#0","tintindex":0}}},{"from":[-5.382262,6.474583,-8.42],"to":[-2.3022614,9.444583,-4.4799976],"rotation":{"angle":-22.5,"axis":"y","origin":[-3.8422613,7.9595833,-7.449999]},"faces":{"east":{"uv":[4.6875,5.640625,4.765625,5.6953125],"rotation":0,"texture":"#0","tintindex":0},"south":{"uv":[7.5390625,8.0,7.6015625,8.0546875],"rotation":0,"texture":"#0","tintindex":0},"north":{"uv":[7.4765625,8.0,7.5390625,8.0546875],"rotation":0,"texture":"#0","tintindex":0},"west":{"uv":[7.359375,7.203125,7.4375,7.2578125],"rotation":0,"texture":"#0","tintindex":0},"up":{"uv":[8.046875,3.1484375,7.984375,3.0703125],"rotation":0,"texture":"#0","tintindex":0},"down":{"uv":[8.046875,3.515625,7.984375,3.59375],"rotation":0,"texture":"#0","tintindex":0}}},{"from":[-5.9322615,6.8445835,-11.510002],"to":[-3.7622614,9.184584,-6.129999],"rotation":{"angle":-22.5,"axis":"y","origin":[-3.8422613,7.9595833,-7.449999]},"faces":{"east":{"uv":[7.984375,1.171875,8.0859375,1.21875],"rotation":0,"texture":"#0","tintindex":0},"south":{"uv":[4.71875,7.234375,4.7578125,7.28125],"rotation":0,"texture":"#0","tintindex":0},"north":{"uv":[2.890625,7.1953125,2.9296875,7.2421875],"rotation":0,"texture":"#0","tintindex":0},"west":{"uv":[7.984375,1.578125,8.0859375,1.625],"rotation":0,"texture":"#0","tintindex":0},"up":{"uv":[4.8984375,6.296875,4.859375,6.1953125],"rotation":0,"texture":"#0","tintindex":0},"down":{"uv":[5.265625,6.3671875,5.2265625,6.46875],"rotation":0,"texture":"#0","tintindex":0}}},{"from":[-3.5222616,7.284583,-16.0],"to":[-1.4922619,8.744583,-10.120003],"rotation":{"angle":22.5,"axis":"y","origin":[-3.8422613,7.9595833,-7.449999]},"faces":{"east":{"uv":[4.234375,0.984375,4.3515625,1.015625],"rotation":0,"texture":"#0","tintindex":0},"south":{"uv":[3.203125,6.796875,3.2421875,6.828125],"rotation":0,"texture":"#0","tintindex":0},"north":{"uv":[0.484375,3.421875,0.5234375,3.453125],"rotation":0,"texture":"#0","tintindex":0},"west":{"uv":[4.828125,1.578125,4.9453125,1.609375],"rotation":0,"texture":"#0","tintindex":0},"up":{"uv":[4.3828125,0.9765625,4.34375,0.859375],"rotation":0,"texture":"#0","tintindex":0},"down":{"uv":[4.078125,5.9765625,4.0390625,6.09375],"rotation":0,"texture":"#0","tintindex":0}}}],"display":{"head":{"translation":[0.0,-6.4,-56.22493],"scale":[4.0,4.0,4.0]}}}