{"textures":{"0":"modelengine:entity/ender_dragon"},"elements":[{"from":[1.1428566,-11.714287,-4.4285717],"to":[15.428572,12.857143,4.714286],"rotation":{"angle":22.5,"axis":"x","origin":[6.5714283,-0.8571434,-5.714287]},"faces":{"east":{"uv":[5.4375,7.0859375,5.5625,7.421875],"rotation":0,"texture":"#0","tintindex":0},"south":{"uv":[6.546875,1.484375,6.7421875,1.8203125],"rotation":0,"texture":"#0","tintindex":0},"north":{"uv":[6.5234375,6.4453125,6.71875,6.78125],"rotation":0,"texture":"#0","tintindex":0},"west":{"uv":[0.0,7.09375,0.125,7.4296875],"rotation":0,"texture":"#0","tintindex":0},"up":{"uv":[7.3203125,7.53125,7.125,7.40625],"rotation":0,"texture":"#0","tintindex":0},"down":{"uv":[0.6171875,7.421875,0.421875,7.546875],"rotation":0,"texture":"#0","tintindex":0}}},{"from":[4.5714283,-8.57143,0.7142854],"to":[13.142858,16.714287,9.857143],"rotation":{"angle":22.5,"axis":"x","origin":[6.5714283,-0.8571434,-5.714287]},"faces":{"east":{"uv":[1.6171875,7.0859375,1.7421875,7.4296875],"rotation":0,"texture":"#0","tintindex":0},"south":{"uv":[3.1796875,7.109375,3.296875,7.453125],"rotation":0,"texture":"#0","tintindex":0},"north":{"uv":[2.9296875,7.0625,3.046875,7.40625],"rotation":0,"texture":"#0","tintindex":0},"west":{"uv":[7.0859375,1.671875,7.2109375,2.015625],"rotation":0,"texture":"#0","tintindex":0},"up":{"uv":[7.8515625,4.0703125,7.734375,3.9453125],"rotation":0,"texture":"#0","tintindex":0},"down":{"uv":[7.8515625,4.0703125,7.734375,4.1953125],"rotation":0,"texture":"#0","tintindex":0}}}],"display":{"head":{"translation":[0.0,-6.4,0.0],"scale":[4.0,4.0,4.0]}}}