{"textures":{"0":"modelengine:entity/ender_dragon"},"elements":[{"from":[-0.8580227,5.1868844,-16.0],"to":[16.741978,21.278313,23.222858],"rotation":{"angle":0.0,"axis":"y","origin":[8.696263,8.204027,-19.52]},"faces":{"east":{"uv":[5.328125,0.3984375,5.8671875,0.6171875],"rotation":0,"texture":"#0","tintindex":0},"south":{"uv":[6.75,0.1328125,6.9921875,0.3515625],"rotation":0,"texture":"#0","tintindex":0},"north":{"uv":[6.7421875,0.9921875,6.984375,1.2109375],"rotation":0,"texture":"#0","tintindex":0},"west":{"uv":[5.328125,0.6171875,5.8671875,0.8359375],"rotation":0,"texture":"#0","tintindex":0},"up":{"uv":[5.28125,3.2109375,5.0390625,2.671875],"rotation":0,"texture":"#0","tintindex":0},"down":{"uv":[5.328125,0.4453125,5.0859375,0.984375],"rotation":0,"texture":"#0","tintindex":0}}},{"from":[2.6619778,-4.3559732,-15.794285],"to":[13.221978,5.1983128,24.73143],"rotation":{"angle":0.0,"axis":"y","origin":[9.199121,6.204027,-19.52]},"faces":{"east":{"uv":[6.359375,5.4453125,6.9375,5.578125],"rotation":0,"texture":"#0","tintindex":0},"south":{"uv":[3.015625,7.609375,3.15625,7.7421875],"rotation":0,"texture":"#0","tintindex":0},"north":{"uv":[2.6640625,7.609375,2.8046875,7.7421875],"rotation":0,"texture":"#0","tintindex":0},"west":{"uv":[6.3828125,0.3984375,6.9609375,0.53125],"rotation":0,"texture":"#0","tintindex":0},"up":{"uv":[4.3203125,6.84375,4.1796875,6.265625],"rotation":0,"texture":"#0","tintindex":0},"down":{"uv":[4.4609375,6.265625,4.3203125,6.84375],"rotation":0,"texture":"#0","tintindex":0}}},{"from":[0.39912033,-5.864545,16.297144],"to":[15.484835,-0.33311653,26.354286],"rotation":{"angle":0.0,"axis":"y","origin":[8.947693,6.204027,10.262857]},"faces":{"east":{"uv":[7.828125,7.7734375,7.96875,7.8515625],"rotation":0,"texture":"#0","tintindex":0},"south":{"uv":[7.4921875,1.5625,7.6953125,1.640625],"rotation":0,"texture":"#0","tintindex":0},"north":{"uv":[6.578125,5.234375,6.78125,5.3125],"rotation":0,"texture":"#0","tintindex":0},"west":{"uv":[1.9453125,7.8359375,2.0859375,7.9140625],"rotation":0,"texture":"#0","tintindex":0},"up":{"uv":[7.4453125,4.8046875,7.2421875,4.6640625],"rotation":0,"texture":"#0","tintindex":0},"down":{"uv":[7.3515625,7.265625,7.1484375,7.40625],"rotation":0,"texture":"#0","tintindex":0}}},{"from":[0.39912033,-5.864545,3.1542854],"to":[15.484835,-0.33311653,13.21143],"rotation":{"angle":0.0,"axis":"y","origin":[8.947693,6.204027,-2.8799992]},"faces":{"east":{"uv":[7.828125,7.7734375,7.96875,7.8515625],"rotation":0,"texture":"#0","tintindex":0},"south":{"uv":[7.4921875,1.5625,7.6953125,1.640625],"rotation":0,"texture":"#0","tintindex":0},"north":{"uv":[6.578125,5.234375,6.78125,5.3125],"rotation":0,"texture":"#0","tintindex":0},"west":{"uv":[1.9453125,7.8359375,2.0859375,7.9140625],"rotation":0,"texture":"#0","tintindex":0},"up":{"uv":[7.4453125,4.8046875,7.2421875,4.6640625],"rotation":0,"texture":"#0","tintindex":0},"down":{"uv":[7.3515625,7.265625,7.1484375,7.40625],"rotation":0,"texture":"#0","tintindex":0}}},{"from":[0.39912033,-5.864545,-10.559999],"to":[15.484835,-0.33311653,-0.5028572],"rotation":{"angle":0.0,"axis":"y","origin":[8.947693,6.204027,-16.594288]},"faces":{"east":{"uv":[7.828125,7.7734375,7.96875,7.8515625],"rotation":0,"texture":"#0","tintindex":0},"south":{"uv":[7.4921875,1.5625,7.6953125,1.640625],"rotation":0,"texture":"#0","tintindex":0},"north":{"uv":[6.578125,5.234375,6.78125,5.3125],"rotation":0,"texture":"#0","tintindex":0},"west":{"uv":[1.9453125,7.8359375,2.0859375,7.9140625],"rotation":0,"texture":"#0","tintindex":0},"up":{"uv":[7.4453125,4.8046875,7.2421875,4.6640625],"rotation":0,"texture":"#0","tintindex":0},"down":{"uv":[7.3515625,7.265625,7.1484375,7.40625],"rotation":0,"texture":"#0","tintindex":0}}},{"from":[-4.40088,-1.555973,-15.702858],"to":[4.421978,16.021172,22.011429],"rotation":{"angle":0.0,"axis":"y","origin":[8.444836,8.204027,-21.737144]},"faces":{"east":{"uv":[6.4609375,0.7734375,5.9453125,0.9609375],"rotation":0,"texture":"#0","tintindex":0},"south":{"uv":[0.59375,6.6796875,0.6796875,6.859375],"rotation":0,"texture":"#0","tintindex":0},"north":{"uv":[0.6796875,6.6796875,0.59375,6.8671875],"rotation":0,"texture":"#0","tintindex":0},"west":{"uv":[6.4296875,5.125,5.9140625,5.3125],"rotation":0,"texture":"#0","tintindex":0},"up":{"uv":[4.3125,7.5,4.3984375,6.984375],"rotation":0,"texture":"#0","tintindex":0},"down":{"uv":[2.59375,6.9921875,2.6796875,7.5078125],"rotation":0,"texture":"#0","tintindex":0}}},{"from":[11.461978,-1.555973,-15.702858],"to":[20.284836,16.021172,22.011429],"rotation":{"angle":0.0,"axis":"y","origin":[7.439121,8.204027,-21.737144]},"faces":{"east":{"uv":[5.9140625,5.125,6.4296875,5.3125],"rotation":0,"texture":"#0","tintindex":0},"south":{"uv":[0.6796875,6.6796875,0.59375,6.859375],"rotation":0,"texture":"#0","tintindex":0},"north":{"uv":[0.59375,6.6796875,0.6796875,6.8671875],"rotation":0,"texture":"#0","tintindex":0},"west":{"uv":[5.9453125,0.7734375,6.4609375,0.9609375],"rotation":0,"texture":"#0","tintindex":0},"up":{"uv":[4.3984375,7.5,4.3125,6.984375],"rotation":0,"texture":"#0","tintindex":0},"down":{"uv":[2.6796875,6.9921875,2.59375,7.5078125],"rotation":0,"texture":"#0","tintindex":0}}},{"from":[4.421978,17.666885,-2.0571442],"to":[11.461978,25.712599,3.4742851],"rotation":{"angle":22.5,"axis":"x","origin":[7.941978,24.706884,0.7085705]},"faces":{"east":{"uv":[4.078125,7.8984375,4.15625,8.0078125],"rotation":0,"texture":"#0","tintindex":0},"south":{"uv":[3.6953125,7.859375,3.7890625,7.96875],"rotation":0,"texture":"#0","tintindex":0},"north":{"uv":[7.859375,3.6015625,7.953125,3.7109375],"rotation":0,"texture":"#0","tintindex":0},"west":{"uv":[4.15625,7.8984375,4.234375,8.0078125],"rotation":0,"texture":"#0","tintindex":0},"up":{"uv":[3.6015625,8.0,3.5078125,7.921875],"rotation":0,"texture":"#0","tintindex":0},"down":{"uv":[3.6953125,7.921875,3.6015625,8.0],"rotation":0,"texture":"#0","tintindex":0}}},{"from":[6.181978,19.026615,-5.846119],"to":[9.701978,27.072332,-1.7546902],"rotation":{"angle":45.0,"axis":"x","origin":[8.193407,24.558044,-5.091833]},"faces":{"east":{"uv":[0.4140625,7.734375,0.4609375,7.84375],"rotation":0,"texture":"#0","tintindex":0},"south":{"uv":[7.8984375,7.9609375,7.9453125,8.0703125],"rotation":0,"texture":"#0","tintindex":0},"north":{"uv":[2.3671875,7.390625,2.4140625,7.5],"rotation":0,"texture":"#0","tintindex":0},"west":{"uv":[1.8203125,7.9765625,1.8671875,8.0859375],"rotation":0,"texture":"#0","tintindex":0},"up":{"uv":[8.078125,1.5,8.03125,1.453125],"rotation":0,"texture":"#0","tintindex":0},"down":{"uv":[8.078125,1.5,8.03125,1.546875],"rotation":0,"texture":"#0","tintindex":0}}},{"from":[5.9305496,24.701252,-0.38422012],"to":[9.953406,30.506966,3.1357803],"rotation":{"angle":0.0,"axis":"y","origin":[7.941978,31.638393,2.6329231]},"faces":{"east":{"uv":[2.890625,8.03125,2.9375,8.078125],"rotation":0,"texture":"#0","tintindex":0},"south":{"uv":[5.6171875,8.015625,5.671875,8.0625],"rotation":0,"texture":"#0","tintindex":0},"north":{"uv":[8.015625,3.65625,8.0703125,3.703125],"rotation":0,"texture":"#0","tintindex":0},"west":{"uv":[2.9375,8.03125,2.984375,8.078125],"rotation":0,"texture":"#0","tintindex":0},"up":{"uv":[8.0703125,5.9453125,8.015625,5.8984375],"rotation":0,"texture":"#0","tintindex":0},"down":{"uv":[6.1328125,8.015625,6.078125,8.0625],"rotation":0,"texture":"#0","tintindex":0}}},{"from":[4.421978,18.809742,18.514286],"to":[11.461978,26.855457,24.045715],"rotation":{"angle":22.5,"axis":"x","origin":[7.941978,25.849743,21.28]},"faces":{"east":{"uv":[4.078125,7.8984375,4.15625,8.0078125],"rotation":0,"texture":"#0","tintindex":0},"south":{"uv":[3.6953125,7.859375,3.7890625,7.96875],"rotation":0,"texture":"#0","tintindex":0},"north":{"uv":[7.859375,3.6015625,7.953125,3.7109375],"rotation":0,"texture":"#0","tintindex":0},"west":{"uv":[4.15625,7.8984375,4.234375,8.0078125],"rotation":0,"texture":"#0","tintindex":0},"up":{"uv":[3.6015625,8.0,3.5078125,7.921875],"rotation":0,"texture":"#0",