{"textures":{"0":"modelengine:entity/ender_dragon"},"elements":[{"from":[1.4048352,1.9507413,-13.48571],"to":[14.479121,15.5278845,25.87429],"rotation":{"angle":0.0,"axis":"y","origin":[8.444836,4.967884,-18.011425]},"faces":{"east":{"uv":[5.796875,3.4296875,6.3203125,3.6171875],"rotation":0,"texture":"#0","tintindex":0},"south":{"uv":[7.171875,4.8828125,7.3515625,5.0703125],"rotation":0,"texture":"#0","tintindex":0},"north":{"uv":[7.171875,4.8828125,7.3515625,5.0703125],"rotation":0,"texture":"#0","tintindex":0},"west":{"uv":[5.8359375,5.40625,6.359375,5.59375],"rotation":0,"texture":"#0","tintindex":0},"up":{"uv":[4.0390625,6.5,3.859375,5.9765625],"rotation":0,"texture":"#0","tintindex":0},"down":{"uv":[2.484375,6.0,2.3046875,6.5234375],"rotation":0,"texture":"#0","tintindex":0}}},{"from":[6.181978,11.647616,-2.6918316],"to":[9.701978,19.69333,0.82816887],"rotation":{"angle":45.0,"axis":"x","origin":[8.193407,17.179045,-1.9375458]},"faces":{"east":{"uv":[0.4140625,7.734375,0.4609375,7.84375],"rotation":0,"texture":"#0","tintindex":0},"south":{"uv":[7.8984375,7.9609375,7.9453125,8.0703125],"rotation":0,"texture":"#0","tintindex":0},"north":{"uv":[2.3671875,7.390625,2.4140625,7.5],"rotation":0,"texture":"#0","tintindex":0},"west":{"uv":[1.8203125,7.9765625,1.8671875,8.0859375],"rotation":0,"texture":"#0","tintindex":0},"up":{"uv":[8.078125,1.5,8.03125,1.453125],"rotation":0,"texture":"#0","tintindex":0},"down":{"uv":[8.078125,1.5,8.03125,1.546875],"rotation":0,"texture":"#0","tintindex":0}}},{"from":[4.421978,11.002171,1.097147],"to":[11.461978,19.047886,6.6285744],"rotation":{"angle":22.5,"axis":"x","origin":[7.941978,18.042171,3.8628597]},"faces":{"east":{"uv":[4.078125,7.8984375,4.15625,8.0078125],"rotation":0,"texture":"#0","tintindex":0},"south":{"uv":[3.6953125,7.859375,3.7890625,7.96875],"rotation":0,"texture":"#0","tintindex":0},"north":{"uv":[7.859375,3.6015625,7.953125,3.7109375],"rotation":0,"texture":"#0","tintindex":0},"west":{"uv":[4.15625,7.8984375,4.234375,8.0078125],"rotation":0,"texture":"#0","tintindex":0},"up":{"uv":[3.6015625,8.0,3.5078125,7.921875],"rotation":0,"texture":"#0","tintindex":0},"down":{"uv":[3.6953125,7.921875,3.6015625,8.0],"rotation":0,"texture":"#0","tintindex":0}}},{"from":[5.9305496,18.036537,2.7700672],"to":[9.953406,21.556538,6.2900677],"rotation":{"angle":0.0,"axis":"y","origin":[7.941978,22.687965,5.7872105]},"faces":{"east":{"uv":[2.890625,8.03125,2.9375,8.078125],"rotation":0,"texture":"#0","tintindex":0},"south":{"uv":[5.6171875,8.015625,5.671875,8.0625],"rotation":0,"texture":"#0","tintindex":0},"north":{"uv":[8.015625,3.65625,8.0703125,3.703125],"rotation":0,"texture":"#0","tintindex":0},"west":{"uv":[2.9375,8.03125,2.984375,8.078125],"rotation":0,"texture":"#0","tintindex":0},"up":{"uv":[8.0703125,5.9453125,8.015625,5.8984375],"rotation":0,"texture":"#0","tintindex":0},"down":{"uv":[6.1328125,8.015625,6.078125,8.0625],"rotation":0,"texture":"#0","tintindex":0}}},{"from":[6.181978,11.647616,14.451027],"to":[9.701978,19.69333,17.971027],"rotation":{"angle":45.0,"axis":"x","origin":[8.193407,17.179045,15.205313]},"faces":{"east":{"uv":[0.4140625,7.734375,0.4609375,7.84375],"rotation":0,"texture":"#0","tintindex":0},"south":{"uv":[7.8984375,7.9609375,7.9453125,8.0703125],"rotation":0,"texture":"#0","tintindex":0},"north":{"uv":[2.3671875,7.390625,2.4140625,7.5],"rotation":0,"texture":"#0","tintindex":0},"west":{"uv":[1.8203125,7.9765625,1.8671875,8.0859375],"rotation":0,"texture":"#0","tintindex":0},"up":{"uv":[8.078125,1.5,8.03125,1.453125],"rotation":0,"texture":"#0","tintindex":0},"down":{"uv":[8.078125,1.5,8.03125,1.546875],"rotation":0,"texture":"#0","tintindex":0}}},{"from":[4.421978,11.002171,18.240004],"to":[11.461978,19.047886,23.771431],"rotation":{"angle":22.5,"axis":"x","origin":[7.941978,18.042171,21.005718]},"faces":{"east":{"uv":[4.078125,7.8984375,4.15625,8.0078125],"rotation":0,"texture":"#0","tintindex":0},"south":{"uv":[3.6953125,7.859375,3.7890625,7.96875],"rotation":0,"texture":"#0","tintindex":0},"north":{"uv":[7.859375,3.6015625,7.953125,3.7109375],"rotation":0,"texture":"#0","tintindex":0},"west":{"uv":[4.15625,7.8984375,4.234375,8.0078125],"rotation":0,"texture":"#0","tintindex":0},"up":{"uv":[3.6015625,8.0,3.5078125,7.921875],"rotation":0,"texture":"#0","tintindex":0},"down":{"uv":[3.6953125,7.921875,3.6015625,8.0],"rotation":0,"texture":"#0","tintindex":0}}},{"from":[5.9305496,18.036537,19.912926],"to":[9.953406,22.699394,23.432926],"rotation":{"angle":0.0,"axis":"y","origin":[7.941978,23.830822,22.930069]},"faces":{"east":{"uv":[2.890625,8.03125,2.9375,8.078125],"rotation":0,"texture":"#0","tintindex":0},"south":{"uv":[5.6171875,8.015625,5.671875,8.0625],"rotation":0,"texture":"#0","tintindex":0},"north":{"uv":[8.015625,3.65625,8.0703125,3.703125],"rotation":0,"texture":"#0","tintindex":0},"west":{"uv":[2.9375,8.03125,2.984375,8.078125],"rotation":0,"texture":"#0","tintindex":0},"up":{"uv":[8.0703125,5.9453125,8.015625,5.8984375],"rotation":0,"texture":"#0","tintindex":0},"down":{"uv":[6.1328125,8.015625,6.078125,8.0625],"rotation":0,"texture":"#0","tintindex":0}}},{"from":[-2.1151648,-3.0778303,-11.977142],"to":[4.421978,10.499313,25.737146],"rotation":{"angle":0.0,"axis":"y","origin":[8.444836,4.967884,-18.011425]},"faces":{"east":{"uv":[5.9140625,4.75,6.4296875,4.9375],"rotation":0,"texture":"#0","tintindex":0},"south":{"uv":[2.328125,0.8515625,2.2421875,1.03125],"rotation":0,"texture":"#0","tintindex":0},"north":{"uv":[2.2421875,0.8515625,2.328125,1.0390625],"rotation":0,"texture":"#0","tintindex":0},"west":{"uv":[5.9140625,4.9375,6.4296875,5.125],"rotation":0,"texture":"#0","tintindex":0},"up":{"uv":[2.640625,5.890625,2.5546875,5.375],"rotation":0,"texture":"#0","tintindex":0},"down":{"uv":[5.1875,6.96875,5.1015625,7.484375],"rotation":0,"texture":"#0","tintindex":0}}},{"from":[11.461978,-3.0778303,-11.977142],"to":[17.99912,10.499313,25.737146],"rotation":{"angle":0.0,"axis":"y","origin":[7.439121,4.967884,-18.011425]},"faces":{"east":{"uv":[5.9140625,5.125,6.4296875,5.3125],"rotation":0,"texture":"#0","tintindex":0},"south":{"uv":[0.6796875,6.6796875,0.59375,6.859375],"rotation":0,"texture":"#0","tintindex":0},"north":{"uv":[0.59375,6.6796875,0.6796875,6.8671875],"rotation":0,"texture":"#0","tintindex":0},"west":{"uv":[5.9453125,0.7734375,6.4609375,0.9609375],"rotation":0,"texture":"#0","tintindex":0},"up":{"uv":[4.3984375,7.5,4.3125,6.984375],"rotation":0,"texture":"#0","tintindex":0},"down":{"uv":[2.6796875,6.9921875,2.59375,7.5078125],"rotation":0,"texture":"#0","tintindex":0}}},{"from":[2.6619778,-5.5921164,-16.0],"to":[13.221978,3.9621696,26.240004],"rotation":{"angle":0.0,"axis":"y","origin":[9.199121,4.967884,-18.011425]},"faces":{"east":{"uv":[6.3203125,3.3671875,6.8984375,3.5],"rotation":0,"texture":"#0","tintindex":0},"south":{"uv":[7.6015625,4.8828125,7.7421875,5.015625],"rotation":0,"texture":"#0","tintindex":0},"north":{"uv":[7.6015625,4.8828125,7.7421875,5.015625],"rotation":0,"texture":"#0","tintindex":0},"west":{"uv":[6.359375,5.3125,6.9375,5.4453125],"rotation":0,"texture":"#0","tintindex":0},"up":{"uv":[3.8046875,6.8125,3.6640625,6.234375],"rotation":0,"texture":"#0","tintindex":0},"down":{"uv":[4.1796875,6.265625,4.0390625,6.84375],"rotation":0,"texture":"#0","tintindex":0}}},{"from":[0.39912033,-7.100688,-11.405712],"to":[15.484835,-1.5692587,-1.3485699],"rotation":{"angle":0.0,"axis":"y","origin":[8.947693,4.967884,-17.439995]},"faces":{"east":{"uv":[7.828125,7.7734375,7.96875,7.8515625],"rotation":0,"texture":"#0","tintindex":0},"south":{"uv":[7.4921875,1.5625,7.6953125,1.640625],"rotation":0,"texture":"#0","tintindex":0},"north":{"uv":[6.578125,5.234375,6.78125,5.3125],"rotation":0,"texture":"#0","tintindex":0},"west":{"uv":[1.9453125,7.8359375,2.0859375,7.9140625],"rotation":0,"texture":"#0","tintindex":0},"up":{"uv":[7.4453125,4.8046875,7.2421875,4.6640625],"rotation":0,"texture":"#0","tintindex":0},