{"textures":{"0":"modelengine:entity/ender_dragon"},"elements":[{"from":[0.1476922,6.3586535,-14.491428],"to":[15.736264,21.444368,24.731432],"rotation":{"angle":0.0,"axis":"y","origin":[8.193407,9.375796,-18.011425]},"faces":{"east":{"uv":[5.421875,4.1796875,5.9609375,4.3828125],"rotation":0,"texture":"#0","tintindex":0},"south":{"uv":[7.078125,3.96875,7.2890625,4.171875],"rotation":0,"texture":"#0","tintindex":0},"north":{"uv":[7.0703125,0.734375,7.28125,0.9375],"rotation":0,"texture":"#0","tintindex":0},"west":{"uv":[5.4453125,3.2265625,5.984375,3.4296875],"rotation":0,"texture":"#0","tintindex":0},"up":{"uv":[2.8515625,5.890625,2.640625,5.3515625],"rotation":0,"texture":"#0","tintindex":0},"down":{"uv":[2.375,5.375,2.1640625,5.9140625],"rotation":0,"texture":"#0","tintindex":0}}},{"from":[11.461978,0.75865316,-11.977142],"to":[19.14198,16.050083,25.737146],"rotation":{"angle":0.0,"axis":"y","origin":[7.439121,9.375796,-18.011425]},"faces":{"east":{"uv":[5.9140625,5.125,6.4296875,5.3125],"rotation":0,"texture":"#0","tintindex":0},"south":{"uv":[0.6796875,6.6796875,0.59375,6.859375],"rotation":0,"texture":"#0","tintindex":0},"north":{"uv":[0.59375,6.6796875,0.6796875,6.8671875],"rotation":0,"texture":"#0","tintindex":0},"west":{"uv":[5.9453125,0.7734375,6.4609375,0.9609375],"rotation":0,"texture":"#0","tintindex":0},"up":{"uv":[4.3984375,7.5,4.3125,6.984375],"rotation":0,"texture":"#0","tintindex":0},"down":{"uv":[2.6796875,6.9921875,2.59375,7.5078125],"rotation":0,"texture":"#0","tintindex":0}}},{"from":[-3.2580223,0.75865316,-11.977142],"to":[4.421978,16.050083,25.737146],"rotation":{"angle":0.0,"axis":"y","origin":[8.444836,9.375796,-18.011425]},"faces":{"east":{"uv":[6.4609375,0.7734375,5.9453125,0.9609375],"rotation":0,"texture":"#0","tintindex":0},"south":{"uv":[0.59375,6.6796875,0.6796875,6.859375],"rotation":0,"texture":"#0","tintindex":0},"north":{"uv":[0.6796875,6.6796875,0.59375,6.8671875],"rotation":0,"texture":"#0","tintindex":0},"west":{"uv":[6.4296875,5.125,5.9140625,5.3125],"rotation":0,"texture":"#0","tintindex":0},"up":{"uv":[4.3125,7.5,4.3984375,6.984375],"rotation":0,"texture":"#0","tintindex":0},"down":{"uv":[2.59375,6.9921875,2.6796875,7.5078125],"rotation":0,"texture":"#0","tintindex":0}}},{"from":[0.39912033,-3.6642036,16.02286],"to":[15.484835,1.8672247,26.080004],"rotation":{"angle":0.0,"axis":"y","origin":[8.947693,8.404367,9.988574]},"faces":{"east":{"uv":[7.828125,7.7734375,7.96875,7.8515625],"rotation":0,"texture":"#0","tintindex":0},"south":{"uv":[7.4921875,1.5625,7.6953125,1.640625],"rotation":0,"texture":"#0","tintindex":0},"north":{"uv":[6.578125,5.234375,6.78125,5.3125],"rotation":0,"texture":"#0","tintindex":0},"west":{"uv":[1.9453125,7.8359375,2.0859375,7.9140625],"rotation":0,"texture":"#0","tintindex":0},"up":{"uv":[7.4453125,4.8046875,7.2421875,4.6640625],"rotation":0,"texture":"#0","tintindex":0},"down":{"uv":[7.3515625,7.265625,7.1484375,7.40625],"rotation":0,"texture":"#0","tintindex":0}}},{"from":[0.39912033,-3.6642036,2.880001],"to":[15.484835,1.8672247,12.937145],"rotation":{"angle":0.0,"axis":"y","origin":[8.947693,8.404367,-3.1542835]},"faces":{"east":{"uv":[7.828125,7.7734375,7.96875,7.8515625],"rotation":0,"texture":"#0","tintindex":0},"south":{"uv":[7.4921875,1.5625,7.6953125,1.640625],"rotation":0,"texture":"#0","tintindex":0},"north":{"uv":[6.578125,5.234375,6.78125,5.3125],"rotation":0,"texture":"#0","tintindex":0},"west":{"uv":[1.9453125,7.8359375,2.0859375,7.9140625],"rotation":0,"texture":"#0","tintindex":0},"up":{"uv":[7.4453125,4.8046875,7.2421875,4.6640625],"rotation":0,"texture":"#0","tintindex":0},"down":{"uv":[7.3515625,7.265625,7.1484375,7.40625],"rotation":0,"texture":"#0","tintindex":0}}},{"from":[0.39912033,-3.6642036,-10.834286],"to":[15.484835,1.8672247,-0.77713966],"rotation":{"angle":0.0,"axis":"y","origin":[8.947693,8.404367,-16.868568]},"faces":{"east":{"uv":[7.828125,7.7734375,7.96875,7.8515625],"rotation":0,"texture":"#0","tintindex":0},"south":{"uv":[7.4921875,1.5625,7.6953125,1.640625],"rotation":0,"texture":"#0","tintindex":0},"north":{"uv":[6.578125,5.234375,6.78125,5.3125],"rotation":0,"texture":"#0","tintindex":0},"west":{"uv":[1.9453125,7.8359375,2.0859375,7.9140625],"rotation":0,"texture":"#0","tintindex":0},"up":{"uv":[7.4453125,4.8046875,7.2421875,4.6640625],"rotation":0,"texture":"#0","tintindex":0},"down":{"uv":[7.3515625,7.265625,7.1484375,7.40625],"rotation":0,"texture":"#0","tintindex":0}}},{"from":[5.9305496,24.158735,-1.801363],"to":[9.953406,28.82159,1.7186375],"rotation":{"angle":0.0,"axis":"y","origin":[7.941978,29.95302,1.2157822]},"faces":{"east":{"uv":[2.890625,8.03125,2.9375,8.078125],"rotation":0,"texture":"#0","tintindex":0},"south":{"uv":[5.6171875,8.015625,5.671875,8.0625],"rotation":0,"texture":"#0","tintindex":0},"north":{"uv":[8.015625,3.65625,8.0703125,3.703125],"rotation":0,"texture":"#0","tintindex":0},"west":{"uv":[2.9375,8.03125,2.984375,8.078125],"rotation":0,"texture":"#0","tintindex":0},"up":{"uv":[8.0703125,5.9453125,8.015625,5.8984375],"rotation":0,"texture":"#0","tintindex":0},"down":{"uv":[6.1328125,8.015625,6.078125,8.0625],"rotation":0,"texture":"#0","tintindex":0}}},{"from":[6.181978,17.769814,-7.26326],"to":[9.701978,25.815529,-3.7432594],"rotation":{"angle":45.0,"axis":"x","origin":[8.193407,23.301243,-6.508974]},"faces":{"east":{"uv":[0.4140625,7.734375,0.4609375,7.84375],"rotation":0,"texture":"#0","tintindex":0},"south":{"uv":[7.8984375,7.9609375,7.9453125,8.0703125],"rotation":0,"texture":"#0","tintindex":0},"north":{"uv":[2.3671875,7.390625,2.4140625,7.5],"rotation":0,"texture":"#0","tintindex":0},"west":{"uv":[1.8203125,7.9765625,1.8671875,8.0859375],"rotation":0,"texture":"#0","tintindex":0},"up":{"uv":[8.078125,1.5,8.03125,1.453125],"rotation":0,"texture":"#0","tintindex":0},"down":{"uv":[8.078125,1.5,8.03125,1.546875],"rotation":0,"texture":"#0","tintindex":0}}},{"from":[4.421978,17.124369,-3.4742832],"to":[11.461978,25.170082,2.057146],"rotation":{"angle":22.5,"axis":"x","origin":[7.941978,24.164368,-0.7085686]},"faces":{"east":{"uv":[4.078125,7.8984375,4.15625,8.0078125],"rotation":0,"texture":"#0","tintindex":0},"south":{"uv":[3.6953125,7.859375,3.7890625,7.96875],"rotation":0,"texture":"#0","tintindex":0},"north":{"uv":[7.859375,3.6015625,7.953125,3.7109375],"rotation":0,"texture":"#0","tintindex":0},"west":{"uv":[4.15625,7.8984375,4.234375,8.0078125],"rotation":0,"texture":"#0","tintindex":0},"up":{"uv":[3.6015625,8.0,3.5078125,7.921875],"rotation":0,"texture":"#0","tintindex":0},"down":{"uv":[3.6953125,7.921875,3.6015625,8.0],"rotation":0,"texture":"#0","tintindex":0}}},{"from":[4.421978,17.124369,18.811432],"to":[11.461978,25.170082,24.342861],"rotation":{"angle":22.5,"axis":"x","origin":[7.941978,24.164368,21.577145]},"faces":{"east":{"uv":[4.078125,7.8984375,4.15625,8.0078125],"rotation":0,"texture":"#0","tintindex":0},"south":{"uv":[3.6953125,7.859375,3.7890625,7.96875],"rotation":0,"texture":"#0","tintindex":0},"north":{"uv":[7.859375,3.6015625,7.953125,3.7109375],"rotation":0,"texture":"#0","tintindex":0},"west":{"uv":[4.15625,7.8984375,4.234375,8.0078125],"rotation":0,"texture":"#0","tintindex":0},"up":{"uv":[3.6015625,8.0,3.5078125,7.921875],"rotation":0,"texture":"#0","tintindex":0},"down":{"uv":[3.6953125,7.921875,3.6015625,8.0],"rotation":0,"texture":"#0","tintindex":0}}},{"from":[6.181978,18.4841,15.022455],"to":[9.701978,26.529814,19.113884],"rotation":{"angle":45.0,"axis":"x","origin":[8.193407,24.01553,15.776741]},"faces":{"east":{"uv":[0.4140625,7.734375,0.4609375,7.84375],"rotation":0,"texture":"#0","tintindex":0},"south":{"uv":[7.8984375,7.9609375,7.9453125,8.0703125],"rotation":0,"texture":"#0","tintindex":0},"north":{"uv":[2.3671875,7.390625,2.4140625,7.5],"rotation":0,"texture":"#0","tintindex":0},"west":{"uv":[1.8203125,7.9765625,1.8671875,8.0859375],"rotation":0,"texture":"#0","tintindex":0},"up":{"uv":[8.078125,1.5,8.03125,1.453125],"rotation":0,"texture":"#0","tintindex":0},