{"textures":{"0":"modelengine:entity/ender_dragon"},"elements":[{"from":[-4.000002,7.1,4.0000005],"to":[32.0,9.1,6.0000005],"rotation":{"angle":0.0,"axis":"y","origin":[-54.800003,7.5,34.0]},"faces":{"east":{"uv":[1.6015625,7.5234375,1.5625,7.5625],"rotation":0,"texture":"#0","tintindex":0},"south":{"uv":[8.046875,6.3671875,7.34375,6.40625],"rotation":0,"texture":"#0","tintindex":0},"north":{"uv":[8.0390625,5.7265625,7.3359375,5.765625],"rotation":0,"texture":"#0","tintindex":0},"west":{"uv":[1.6015625,7.484375,1.5625,7.5234375],"rotation":0,"texture":"#0","tintindex":0},"up":{"uv":[7.34375,6.4453125,8.046875,6.40625],"rotation":0,"texture":"#0","tintindex":0},"down":{"uv":[7.34375,6.4453125,8.046875,6.484375],"rotation":0,"texture":"#0","tintindex":0}}},{"from":[-4.000002,7.6,6.0000005],"to":[32.0,7.6,32.0],"rotation":{"angle":0.0,"axis":"y","origin":[-54.800003,7.2,34.0]},"faces":{"east":{"uv":[0.5078125,0.0,0.0,0.0],"rotation":0,"texture":"#0","tintindex":0},"south":{"uv":[0.703125,0.0,0.0,0.0],"rotation":0,"texture":"#0","tintindex":0},"north":{"uv":[0.703125,0.0,0.0,0.0],"rotation":0,"texture":"#0","tintindex":0},"west":{"uv":[0.5078125,0.0,0.0,0.0],"rotation":0,"texture":"#0","tintindex":0},"up":{"uv":[2.90625,3.46875,3.609375,2.9609375],"rotation":0,"texture":"#0","tintindex":0},"down":{"uv":[2.90625,2.9609375,3.609375,3.46875],"rotation":0,"texture":"#0","tintindex":0}}}],"display":{"head":{"translation":[49.29448,-6.4,14.407913],"scale":[4.0,4.0,4.0]}}}