{"textures":{"0":"modelengine:entity/ender_dragon"},"elements":[{"from":[3.371428,-16.0,1.8285708],"to":[14.685715,21.028576,12.628572],"rotation":{"angle":0.0,"axis":"y","origin":[8.0,20.51429,8.0]},"faces":{"east":{"uv":[6.4609375,0.53125,6.609375,1.0390625],"rotation":0,"texture":"#0","tintindex":0},"south":{"uv":[4.6171875,6.40625,4.7734375,6.9140625],"rotation":0,"texture":"#0","tintindex":0},"north":{"uv":[4.4609375,6.40625,4.6171875,6.9140625],"rotation":0,"texture":"#0","tintindex":0},"west":{"uv":[1.359375,6.46875,1.5078125,6.9765625],"rotation":0,"texture":"#0","tintindex":0},"up":{"uv":[7.609375,5.1875,7.453125,5.0390625],"rotation":0,"texture":"#0","tintindex":0},"down":{"uv":[6.8203125,7.4609375,6.6640625,7.609375],"rotation":0,"texture":"#0","tintindex":0}}},{"from":[4.9142857,-16.0,-1.7714291],"to":[13.142858,1.4857178,1.8285708],"rotation":{"angle":0.0,"axis":"y","origin":[8.0,20.51429,8.0]},"faces":{"east":{"uv":[0.5625,4.34375,0.609375,4.5859375],"rotation":0,"texture":"#0","tintindex":0},"south":{"uv":[3.3515625,7.2265625,3.4609375,7.46875],"rotation":0,"texture":"#0","tintindex":0},"north":{"uv":[0.28125,6.1328125,0.390625,6.375],"rotation":0,"texture":"#0","tintindex":0},"west":{"uv":[0.5,4.9609375,0.546875,5.203125],"rotation":0,"texture":"#0","tintindex":0},"up":{"uv":[7.8515625,5.015625,7.7421875,4.96875],"rotation":0,"texture":"#0","tintindex":0},"down":{"uv":[8.078125,7.7734375,7.96875,7.8203125],"rotation":0,"texture":"#0","tintindex":0}}},{"from":[5.042857,-10.471424,5.942857],"to":[13.914286,29.128576,16.742859],"rotation":{"angle":22.5,"axis":"x","origin":[9.028571,1.2285748,16.485714]},"faces":{"east":{"uv":[4.859375,6.296875,5.0078125,6.8359375],"rotation":0,"texture":"#0","tintindex":0},"south":{"uv":[2.3046875,6.5234375,2.4296875,7.0625],"rotation":0,"texture":"#0","tintindex":0},"north":{"uv":[6.5,5.578125,6.625,6.1171875],"rotation":0,"texture":"#0","tintindex":0},"west":{"uv":[3.5,6.3359375,3.6484375,6.875],"rotation":0,"texture":"#0","tintindex":0},"up":{"uv":[7.5390625,7.7578125,7.4140625,7.609375],"rotation":0,"texture":"#0","tintindex":0},"down":{"uv":[7.6640625,7.609375,7.5390625,7.7578125],"rotation":0,"texture":"#0","tintindex":0}}},{"from":[10.314286,0.8428612,2.342857],"to":[19.185715,19.357147,13.142858],"rotation":{"angle":22.5,"axis":"x","origin":[9.028571,1.2285748,16.485714]},"faces":{"east":{"uv":[4.8828125,2.671875,5.03125,2.921875],"rotation":0,"texture":"#0","tintindex":0},"south":{"uv":[7.2109375,2.2890625,7.3359375,2.5390625],"rotation":0,"texture":"#0","tintindex":0},"north":{"uv":[7.2109375,1.640625,7.3359375,1.890625],"rotation":0,"texture":"#0","tintindex":0},"west":{"uv":[0.4765625,7.171875,0.625,7.421875],"rotation":0,"texture":"#0","tintindex":0},"up":{"uv":[0.8515625,7.765625,0.7265625,7.6171875],"rotation":0,"texture":"#0","tintindex":0},"down":{"uv":[1.1875,7.6171875,1.0625,7.765625],"rotation":0,"texture":"#0","tintindex":0}}},{"from":[0.028571129,-2.8857117,4.528571],"to":[8.9,22.957148,14.171429],"rotation":{"angle":0.0,"axis":"y","origin":[9.028571,1.2285748,16.485714]},"faces":{"east":{"uv":[0.671875,6.9921875,0.8046875,7.34375],"rotation":0,"texture":"#0","tintindex":0},"south":{"uv":[3.90625,7.0390625,4.03125,7.390625],"rotation":0,"texture":"#0","tintindex":0},"north":{"uv":[3.78125,7.0390625,3.90625,7.390625],"rotation":0,"texture":"#0","tintindex":0},"west":{"uv":[0.8046875,6.9921875,0.9375,7.34375],"rotation":0,"texture":"#0","tintindex":0},"up":{"uv":[7.7890625,7.640625,7.6640625,7.5078125],"rotation":0,"texture":"#0","tintindex":0},"down":{"uv":[7.7890625,7.640625,7.6640625,7.7734375],"rotation":0,"texture":"#0","tintindex":0}}}],"display":{"head":{"translation":[0.0,-56.45716,0.0],"scale":[4.0,4.0,4.0]}}}