{"textures":{"0":"modelengine:entity/ender_dragon"},"elements":[{"from":[-4.7999983,7.1,-4.3999996],"to":[32.0,9.1,-2.3999996],"rotation":{"angle":-22.5,"axis":"y","origin":[13.200003,8.1,-10.799999]},"faces":{"east":{"uv":[1.6015625,7.5625,1.5625,7.6015625],"rotation":0,"texture":"#0","tintindex":0},"south":{"uv":[8.0,2.1953125,7.28125,2.234375],"rotation":0,"texture":"#0","tintindex":0},"north":{"uv":[8.0,2.15625,7.28125,2.1953125],"rotation":0,"texture":"#0","tintindex":0},"west":{"uv":[0.6171875,7.546875,0.578125,7.5859375],"rotation":0,"texture":"#0","tintindex":0},"up":{"uv":[7.296875,5.4296875,8.015625,5.390625],"rotation":0,"texture":"#0","tintindex":0},"down":{"uv":[7.3203125,0.140625,8.0390625,0.1796875],"rotation":0,"texture":"#0","tintindex":0}}},{"from":[-4.7999983,7.6,-2.3999996],"to":[32.0,7.6,32.0],"rotation":{"angle":-22.5,"axis":"y","origin":[13.200003,7.8,-10.799999]},"faces":{"east":{"uv":[0.671875,0.0,0.0,0.0],"rotation":0,"texture":"#0","tintindex":0},"south":{"uv":[0.71875,0.0,0.0,0.0],"rotation":0,"texture":"#0","tintindex":0},"north":{"uv":[0.71875,0.0,0.0,0.0],"rotation":0,"texture":"#0","tintindex":0},"west":{"uv":[0.671875,0.0,0.0,0.0],"rotation":0,"texture":"#0","tintindex":0},"up":{"uv":[0.0,1.34375,0.71875,0.671875],"rotation":0,"texture":"#0","tintindex":0},"down":{"uv":[0.0,0.671875,0.71875,1.34375],"rotation":0,"texture":"#0","tintindex":0}}}],"display":{"head":{"translation":[61.78894,-6.4,77.61583],"scale":[4.0,4.0,4.0]}}}