{"textures":{"0":"modelengine:entity/ender_dragon"},"elements":[{"from":[2.6,2.7999997,-2.3999996],"to":[13.4,14.8,32.0],"rotation":{"angle":0.0,"axis":"y","origin":[8.6,10.8,-30.0]},"faces":{"east":{"uv":[4.75,2.078125,5.421875,2.3125],"rotation":0,"texture":"#0","tintindex":0},"south":{"uv":[6.859375,0.7421875,7.0703125,0.9765625],"rotation":0,"texture":"#0","tintindex":0},"north":{"uv":[6.8515625,5.578125,7.0625,5.8125],"rotation":0,"texture":"#0","tintindex":0},"west":{"uv":[4.75,4.1875,5.421875,4.421875],"rotation":0,"texture":"#0","tintindex":0},"up":{"uv":[4.2890625,5.4921875,4.078125,4.8203125],"rotation":0,"texture":"#0","tintindex":0},"down":{"uv":[4.5,4.8203125,4.2890625,5.4921875],"rotation":0,"texture":"#0","tintindex":0}}},{"from":[6.592,14.068056,6.675047],"to":[9.408,20.132057,9.939047],"rotation":{"angle":0.0,"axis":"y","origin":[8.0,19.324057,8.787047]},"faces":{"east":{"uv":[2.890625,8.03125,2.9375,8.078125],"rotation":0,"texture":"#0","tintindex":0},"south":{"uv":[5.6171875,8.015625,5.671875,8.0625],"rotation":0,"texture":"#0","tintindex":0},"north":{"uv":[8.015625,3.65625,8.0703125,3.703125],"rotation":0,"texture":"#0","tintindex":0},"west":{"uv":[2.9375,8.03125,2.984375,8.078125],"rotation":0,"texture":"#0","tintindex":0},"up":{"uv":[8.0703125,5.9453125,8.015625,5.8984375],"rotation":0,"texture":"#0","tintindex":0},"down":{"uv":[6.1328125,8.015625,6.078125,8.0625],"rotation":0,"texture":"#0","tintindex":0}}},{"from":[6.768,11.855812,5.651717],"to":[9.232,18.687813,8.5157175],"rotation":{"angle":45.0,"axis":"x","origin":[8.176,16.927813,6.179717]},"faces":{"east":{"uv":[0.4140625,7.734375,0.4609375,7.84375],"rotation":0,"texture":"#0","tintindex":0},"south":{"uv":[7.8984375,7.9609375,7.9453125,8.0703125],"rotation":0,"texture":"#0","tintindex":0},"north":{"uv":[2.3671875,7.390625,2.4140625,7.5],"rotation":0,"texture":"#0","tintindex":0},"west":{"uv":[1.8203125,7.9765625,1.8671875,8.0859375],"rotation":0,"texture":"#0","tintindex":0},"up":{"uv":[8.078125,1.5,8.03125,1.453125],"rotation":0,"texture":"#0","tintindex":0},"down":{"uv":[8.078125,1.5,8.03125,1.546875],"rotation":0,"texture":"#0","tintindex":0}}},{"from":[6.592,14.068056,23.475046],"to":[9.408,20.132057,26.739046],"rotation":{"angle":0.0,"axis":"y","origin":[8.0,19.324057,25.587046]},"faces":{"east":{"uv":[2.890625,8.03125,2.9375,8.078125],"rotation":0,"texture":"#0","tintindex":0},"south":{"uv":[5.6171875,8.015625,5.671875,8.0625],"rotation":0,"texture":"#0","tintindex":0},"north":{"uv":[8.015625,3.65625,8.0703125,3.703125],"rotation":0,"texture":"#0","tintindex":0},"west":{"uv":[2.9375,8.03125,2.984375,8.078125],"rotation":0,"texture":"#0","tintindex":0},"up":{"uv":[8.0703125,5.9453125,8.015625,5.8984375],"rotation":0,"texture":"#0","tintindex":0},"down":{"uv":[6.1328125,8.015625,6.078125,8.0625],"rotation":0,"texture":"#0","tintindex":0}}},{"from":[6.768,11.855812,22.451717],"to":[9.232,18.687813,25.315718],"rotation":{"angle":45.0,"axis":"x","origin":[8.176,16.927813,22.97972]},"faces":{"east":{"uv":[0.4140625,7.734375,0.4609375,7.84375],"rotation":0,"texture":"#0","tintindex":0},"south":{"uv":[7.8984375,7.9609375,7.9453125,8.0703125],"rotation":0,"texture":"#0","tintindex":0},"north":{"uv":[2.3671875,7.390625,2.4140625,7.5],"rotation":0,"texture":"#0","tintindex":0},"west":{"uv":[1.8203125,7.9765625,1.8671875,8.0859375],"rotation":0,"texture":"#0","tintindex":0},"up":{"uv":[8.078125,1.5,8.03125,1.453125],"rotation":0,"texture":"#0","tintindex":0},"down":{"uv":[8.078125,1.5,8.03125,1.546875],"rotation":0,"texture":"#0","tintindex":0}}},{"from":[4.2,-0.40000057,-7.199999],"to":[11.8,8.4,28.400002],"rotation":{"angle":0.0,"axis":"y","origin":[8.6,10.8,-28.8]},"faces":{"east":{"uv":[4.796875,3.7578125,5.4921875,3.96875],"rotation":0,"texture":"#0","tintindex":0},"south":{"uv":[7.03125,4.6171875,7.2421875,4.828125],"rotation":0,"texture":"#0","tintindex":0},"north":{"uv":[7.03125,4.40625,7.2421875,4.6171875],"rotation":0,"texture":"#0","tintindex":0},"west":{"uv":[4.796875,3.96875,5.4921875,4.1796875],"rotation":0,"texture":"#0","tintindex":0},"up":{"uv":[2.4296875,5.375,2.21875,4.6796875],"rotation":0,"texture":"#0","tintindex":0},"down":{"uv":[2.640625,4.6796875,2.4296875,5.375],"rotation":0,"texture":"#0","tintindex":0}}}],"display":{"head":{"translation":[0.0,-6.4,43.199997],"scale":[4.0,4.0,4.0]}}}