{"textures":{"0":"modelengine:entity/ender_dragon"},"elements":[{"from":[1.5999999,2.7999997,-2.3999996],"to":[14.4,15.6,32.0],"rotation":{"angle":0.0,"axis":"y","origin":[8.4,10.8,-30.0]},"faces":{"east":{"uv":[4.3828125,1.6171875,5.0546875,1.8671875],"rotation":0,"texture":"#0","tintindex":0},"south":{"uv":[6.6171875,2.6171875,6.8671875,2.8671875],"rotation":0,"texture":"#0","tintindex":0},"north":{"uv":[6.609375,0.7421875,6.859375,0.9921875],"rotation":0,"texture":"#0","tintindex":0},"west":{"uv":[3.9765625,4.5703125,4.6484375,4.8203125],"rotation":0,"texture":"#0","tintindex":0},"up":{"uv":[1.703125,5.1953125,1.453125,4.5234375],"rotation":0,"texture":"#0","tintindex":0},"down":{"uv":[1.953125,4.5234375,1.703125,5.1953125],"rotation":0,"texture":"#0","tintindex":0}}},{"from":[2.6,-2.4000006,-8.4],"to":[13.4,8.4,27.2],"rotation":{"angle":0.0,"axis":"y","origin":[8.2,10.8,-30.0]},"faces":{"east":{"uv":[4.796875,3.7578125,5.4921875,3.96875],"rotation":0,"texture":"#0","tintindex":0},"south":{"uv":[7.03125,4.6171875,7.2421875,4.828125],"rotation":0,"texture":"#0","tintindex":0},"north":{"uv":[7.03125,4.40625,7.2421875,4.6171875],"rotation":0,"texture":"#0","tintindex":0},"west":{"uv":[4.796875,3.96875,5.4921875,4.1796875],"rotation":0,"texture":"#0","tintindex":0},"up":{"uv":[2.4296875,5.375,2.21875,4.6796875],"rotation":0,"texture":"#0","tintindex":0},"down":{"uv":[2.640625,4.6796875,2.4296875,5.375],"rotation":0,"texture":"#0","tintindex":0}}},{"from":[6.768,12.655812,5.651717],"to":[9.232,19.487812,8.5157175],"rotation":{"angle":45.0,"axis":"x","origin":[8.176,17.727814,6.179717]},"faces":{"east":{"uv":[0.4140625,7.734375,0.4609375,7.84375],"rotation":0,"texture":"#0","tintindex":0},"south":{"uv":[7.8984375,7.9609375,7.9453125,8.0703125],"rotation":0,"texture":"#0","tintindex":0},"north":{"uv":[2.3671875,7.390625,2.4140625,7.5],"rotation":0,"texture":"#0","tintindex":0},"west":{"uv":[1.8203125,7.9765625,1.8671875,8.0859375],"rotation":0,"texture":"#0","tintindex":0},"up":{"uv":[8.078125,1.5,8.03125,1.453125],"rotation":0,"texture":"#0","tintindex":0},"down":{"uv":[8.078125,1.5,8.03125,1.546875],"rotation":0,"texture":"#0","tintindex":0}}},{"from":[6.592,14.868055,6.675047],"to":[9.408,20.932056,9.939047],"rotation":{"angle":0.0,"axis":"y","origin":[8.0,20.124058,8.787047]},"faces":{"east":{"uv":[2.890625,8.03125,2.9375,8.078125],"rotation":0,"texture":"#0","tintindex":0},"south":{"uv":[5.6171875,8.015625,5.671875,8.0625],"rotation":0,"texture":"#0","tintindex":0},"north":{"uv":[8.015625,3.65625,8.0703125,3.703125],"rotation":0,"texture":"#0","tintindex":0},"west":{"uv":[2.9375,8.03125,2.984375,8.078125],"rotation":0,"texture":"#0","tintindex":0},"up":{"uv":[8.0703125,5.9453125,8.015625,5.8984375],"rotation":0,"texture":"#0","tintindex":0},"down":{"uv":[6.1328125,8.015625,6.078125,8.0625],"rotation":0,"texture":"#0","tintindex":0}}},{"from":[6.768,12.655812,20.851717],"to":[9.232,19.487812,23.715717],"rotation":{"angle":45.0,"axis":"x","origin":[8.176,17.727814,21.379717]},"faces":{"east":{"uv":[0.4140625,7.734375,0.4609375,7.84375],"rotation":0,"texture":"#0","tintindex":0},"south":{"uv":[7.8984375,7.9609375,7.9453125,8.0703125],"rotation":0,"texture":"#0","tintindex":0},"north":{"uv":[2.3671875,7.390625,2.4140625,7.5],"rotation":0,"texture":"#0","tintindex":0},"west":{"uv":[1.8203125,7.9765625,1.8671875,8.0859375],"rotation":0,"texture":"#0","tintindex":0},"up":{"uv":[8.078125,1.5,8.03125,1.453125],"rotation":0,"texture":"#0","tintindex":0},"down":{"uv":[8.078125,1.5,8.03125,1.546875],"rotation":0,"texture":"#0","tintindex":0}}},{"from":[6.592,14.868055,21.875048],"to":[9.408,20.932056,25.139046],"rotation":{"angle":0.0,"axis":"y","origin":[8.0,20.124058,23.987047]},"faces":{"east":{"uv":[2.890625,8.03125,2.9375,8.078125],"rotation":0,"texture":"#0","tintindex":0},"south":{"uv":[5.6171875,8.015625,5.671875,8.0625],"rotation":0,"texture":"#0","tintindex":0},"north":{"uv":[8.015625,3.65625,8.0703125,3.703125],"rotation":0,"texture":"#0","tintindex":0},"west":{"uv":[2.9375,8.03125,2.984375,8.078125],"rotation":0,"texture":"#0","tintindex":0},"up":{"uv":[8.0703125,5.9453125,8.015625,5.8984375],"rotation":0,"texture":"#0","tintindex":0},"down":{"uv":[6.1328125,8.015625,6.078125,8.0625],"rotation":0,"texture":"#0","tintindex":0}}}],"display":{"head":{"translation":[0.0,-6.4,43.199997],"scale":[4.0,4.0,4.0]}}}